
SerialDebug.elf:     file format elf32-avr

Sections:
Idx Name          Size      VMA       LMA       File off  Algn
  0 .text         000013d8  00000000  00000000  00000094  2**1
                  CONTENTS, ALLOC, LOAD, READONLY, CODE
  1 .data         00000040  00800060  000013d8  0000146c  2**0
                  CONTENTS, ALLOC, LOAD, DATA
  2 .bss          000000d0  008000a0  008000a0  000014ac  2**0
                  ALLOC
  3 .comment      00000030  00000000  00000000  000014ac  2**0
                  CONTENTS, READONLY
  4 .note.gnu.avr.deviceinfo 0000003c  00000000  00000000  000014dc  2**2
                  CONTENTS, READONLY
  5 .debug_aranges 000000a0  00000000  00000000  00001518  2**0
                  CONTENTS, READONLY, DEBUGGING
  6 .debug_info   00001fa2  00000000  00000000  000015b8  2**0
                  CONTENTS, READONLY, DEBUGGING
  7 .debug_abbrev 00000762  00000000  00000000  0000355a  2**0
                  CONTENTS, READONLY, DEBUGGING
  8 .debug_line   00000e58  00000000  00000000  00003cbc  2**0
                  CONTENTS, READONLY, DEBUGGING
  9 .debug_frame  000001ec  00000000  00000000  00004b14  2**2
                  CONTENTS, READONLY, DEBUGGING
 10 .debug_str    0000083f  00000000  00000000  00004d00  2**0
                  CONTENTS, READONLY, DEBUGGING
 11 .debug_loc    00001de4  00000000  00000000  0000553f  2**0
                  CONTENTS, READONLY, DEBUGGING
 12 .debug_ranges 00000120  00000000  00000000  00007323  2**0
                  CONTENTS, READONLY, DEBUGGING

Disassembly of section .text:

00000000 <__vectors>:
       0:	0e c0       	rjmp	.+28     	; 0x1e <__ctors_end>
       2:	28 c0       	rjmp	.+80     	; 0x54 <__bad_interrupt>
       4:	27 c0       	rjmp	.+78     	; 0x54 <__bad_interrupt>
       6:	26 c0       	rjmp	.+76     	; 0x54 <__bad_interrupt>
       8:	25 c0       	rjmp	.+74     	; 0x54 <__bad_interrupt>
       a:	24 c0       	rjmp	.+72     	; 0x54 <__bad_interrupt>
       c:	23 c0       	rjmp	.+70     	; 0x54 <__bad_interrupt>
       e:	22 c0       	rjmp	.+68     	; 0x54 <__bad_interrupt>
      10:	c7 c0       	rjmp	.+398    	; 0x1a0 <__vector_8>
      12:	20 c0       	rjmp	.+64     	; 0x54 <__bad_interrupt>
      14:	98 c0       	rjmp	.+304    	; 0x146 <__vector_10>
      16:	1e c0       	rjmp	.+60     	; 0x54 <__bad_interrupt>
      18:	1d c0       	rjmp	.+58     	; 0x54 <__bad_interrupt>
      1a:	1c c0       	rjmp	.+56     	; 0x54 <__bad_interrupt>
      1c:	1b c0       	rjmp	.+54     	; 0x54 <__bad_interrupt>

0000001e <__ctors_end>:
      1e:	11 24       	eor	r1, r1
      20:	1f be       	out	0x3f, r1	; 63
      22:	cf e5       	ldi	r28, 0x5F	; 95
      24:	d2 e0       	ldi	r29, 0x02	; 2
      26:	de bf       	out	0x3e, r29	; 62
      28:	cd bf       	out	0x3d, r28	; 61

0000002a <__do_copy_data>:
      2a:	10 e0       	ldi	r17, 0x00	; 0
      2c:	a0 e6       	ldi	r26, 0x60	; 96
      2e:	b0 e0       	ldi	r27, 0x00	; 0
      30:	e8 ed       	ldi	r30, 0xD8	; 216
      32:	f3 e1       	ldi	r31, 0x13	; 19
      34:	02 c0       	rjmp	.+4      	; 0x3a <__do_copy_data+0x10>
      36:	05 90       	lpm	r0, Z+
      38:	0d 92       	st	X+, r0
      3a:	a0 3a       	cpi	r26, 0xA0	; 160
      3c:	b1 07       	cpc	r27, r17
      3e:	d9 f7       	brne	.-10     	; 0x36 <__do_copy_data+0xc>

00000040 <__do_clear_bss>:
      40:	21 e0       	ldi	r18, 0x01	; 1
      42:	a0 ea       	ldi	r26, 0xA0	; 160
      44:	b0 e0       	ldi	r27, 0x00	; 0
      46:	01 c0       	rjmp	.+2      	; 0x4a <.do_clear_bss_start>

00000048 <.do_clear_bss_loop>:
      48:	1d 92       	st	X+, r1

0000004a <.do_clear_bss_start>:
      4a:	a0 37       	cpi	r26, 0x70	; 112
      4c:	b2 07       	cpc	r27, r18
      4e:	e1 f7       	brne	.-8      	; 0x48 <.do_clear_bss_loop>
      50:	7c d7       	rcall	.+3832   	; 0xf4a <main>
      52:	c0 c9       	rjmp	.-3200   	; 0xfffff3d4 <__eeprom_end+0xff7ef3d4>

00000054 <__bad_interrupt>:
      54:	d5 cf       	rjmp	.-86     	; 0x0 <__vectors>

00000056 <_Z9test_ledsv>:

	// Read result
	// If ADLAR=0: must read ADCL first, then ADCH
	uint16_t result = ADC;  // ADC is a macro that does ADCL then ADCH
	return result;
}
      56:	91 e0       	ldi	r25, 0x01	; 1
      58:	01 c0       	rjmp	.+2      	; 0x5c <_Z9test_ledsv+0x6>
      5a:	9f 5f       	subi	r25, 0xFF	; 255
      5c:	8f ef       	ldi	r24, 0xFF	; 255
      5e:	89 0f       	add	r24, r25
      60:	82 30       	cpi	r24, 0x02	; 2
      62:	79 f0       	breq	.+30     	; 0x82 <_Z9test_ledsv+0x2c>
      64:	28 f4       	brcc	.+10     	; 0x70 <_Z9test_ledsv+0x1a>
      66:	88 23       	and	r24, r24
      68:	41 f0       	breq	.+16     	; 0x7a <_Z9test_ledsv+0x24>
      6a:	81 30       	cpi	r24, 0x01	; 1
      6c:	41 f0       	breq	.+16     	; 0x7e <_Z9test_ledsv+0x28>
      6e:	0f c0       	rjmp	.+30     	; 0x8e <_Z9test_ledsv+0x38>
      70:	83 30       	cpi	r24, 0x03	; 3
      72:	49 f0       	breq	.+18     	; 0x86 <_Z9test_ledsv+0x30>
      74:	84 30       	cpi	r24, 0x04	; 4
      76:	49 f0       	breq	.+18     	; 0x8a <_Z9test_ledsv+0x34>
      78:	0a c0       	rjmp	.+20     	; 0x8e <_Z9test_ledsv+0x38>
      7a:	c0 98       	cbi	0x18, 0	; 24
      7c:	ee cf       	rjmp	.-36     	; 0x5a <_Z9test_ledsv+0x4>
      7e:	c1 98       	cbi	0x18, 1	; 24
      80:	ec cf       	rjmp	.-40     	; 0x5a <_Z9test_ledsv+0x4>
      82:	c2 98       	cbi	0x18, 2	; 24
      84:	ea cf       	rjmp	.-44     	; 0x5a <_Z9test_ledsv+0x4>
      86:	c3 98       	cbi	0x18, 3	; 24
      88:	e8 cf       	rjmp	.-48     	; 0x5a <_Z9test_ledsv+0x4>
      8a:	c4 98       	cbi	0x18, 4	; 24
      8c:	02 c0       	rjmp	.+4      	; 0x92 <_Z9test_ledsv+0x3c>
      8e:	95 30       	cpi	r25, 0x05	; 5
      90:	20 f3       	brcs	.-56     	; 0x5a <_Z9test_ledsv+0x4>
      92:	8f e1       	ldi	r24, 0x1F	; 31
      94:	9e e4       	ldi	r25, 0x4E	; 78
      96:	01 97       	sbiw	r24, 0x01	; 1
      98:	f1 f7       	brne	.-4      	; 0x96 <_Z9test_ledsv+0x40>
      9a:	00 c0       	rjmp	.+0      	; 0x9c <_Z9test_ledsv+0x46>
      9c:	00 00       	nop
      9e:	91 e0       	ldi	r25, 0x01	; 1
      a0:	01 c0       	rjmp	.+2      	; 0xa4 <_Z9test_ledsv+0x4e>
      a2:	9f 5f       	subi	r25, 0xFF	; 255
      a4:	8f ef       	ldi	r24, 0xFF	; 255
      a6:	89 0f       	add	r24, r25
      a8:	82 30       	cpi	r24, 0x02	; 2
      aa:	79 f0       	breq	.+30     	; 0xca <_Z9test_ledsv+0x74>
      ac:	28 f4       	brcc	.+10     	; 0xb8 <_Z9test_ledsv+0x62>
      ae:	88 23       	and	r24, r24
      b0:	41 f0       	breq	.+16     	; 0xc2 <_Z9test_ledsv+0x6c>
      b2:	81 30       	cpi	r24, 0x01	; 1
      b4:	41 f0       	breq	.+16     	; 0xc6 <_Z9test_ledsv+0x70>
      b6:	0f c0       	rjmp	.+30     	; 0xd6 <_Z9test_ledsv+0x80>
      b8:	83 30       	cpi	r24, 0x03	; 3
      ba:	49 f0       	breq	.+18     	; 0xce <_Z9test_ledsv+0x78>
      bc:	84 30       	cpi	r24, 0x04	; 4
      be:	49 f0       	breq	.+18     	; 0xd2 <_Z9test_ledsv+0x7c>
      c0:	0a c0       	rjmp	.+20     	; 0xd6 <_Z9test_ledsv+0x80>
      c2:	c0 9a       	sbi	0x18, 0	; 24
      c4:	ee cf       	rjmp	.-36     	; 0xa2 <_Z9test_ledsv+0x4c>
      c6:	c1 9a       	sbi	0x18, 1	; 24
      c8:	ec cf       	rjmp	.-40     	; 0xa2 <_Z9test_ledsv+0x4c>
      ca:	c2 9a       	sbi	0x18, 2	; 24
      cc:	ea cf       	rjmp	.-44     	; 0xa2 <_Z9test_ledsv+0x4c>
      ce:	c3 9a       	sbi	0x18, 3	; 24
      d0:	e8 cf       	rjmp	.-48     	; 0xa2 <_Z9test_ledsv+0x4c>
      d2:	c4 9a       	sbi	0x18, 4	; 24
      d4:	08 95       	ret
      d6:	95 30       	cpi	r25, 0x05	; 5
      d8:	20 f3       	brcs	.-56     	; 0xa2 <_Z9test_ledsv+0x4c>
      da:	08 95       	ret

000000dc <_Z9init_ledsv>:
      dc:	b8 9a       	sbi	0x17, 0	; 23
      de:	b9 9a       	sbi	0x17, 1	; 23
      e0:	ba 9a       	sbi	0x17, 2	; 23
      e2:	bb 9a       	sbi	0x17, 3	; 23
      e4:	bc 9a       	sbi	0x17, 4	; 23
      e6:	91 e0       	ldi	r25, 0x01	; 1
      e8:	01 c0       	rjmp	.+2      	; 0xec <_Z9init_ledsv+0x10>
      ea:	9f 5f       	subi	r25, 0xFF	; 255
      ec:	8f ef       	ldi	r24, 0xFF	; 255
      ee:	89 0f       	add	r24, r25
      f0:	82 30       	cpi	r24, 0x02	; 2
      f2:	79 f0       	breq	.+30     	; 0x112 <_Z9init_ledsv+0x36>
      f4:	28 f4       	brcc	.+10     	; 0x100 <_Z9init_ledsv+0x24>
      f6:	88 23       	and	r24, r24
      f8:	41 f0       	breq	.+16     	; 0x10a <_Z9init_ledsv+0x2e>
      fa:	81 30       	cpi	r24, 0x01	; 1
      fc:	41 f0       	breq	.+16     	; 0x10e <_Z9init_ledsv+0x32>
      fe:	0f c0       	rjmp	.+30     	; 0x11e <_Z9init_ledsv+0x42>
     100:	83 30       	cpi	r24, 0x03	; 3
     102:	49 f0       	breq	.+18     	; 0x116 <_Z9init_ledsv+0x3a>
     104:	84 30       	cpi	r24, 0x04	; 4
     106:	49 f0       	breq	.+18     	; 0x11a <_Z9init_ledsv+0x3e>
     108:	0a c0       	rjmp	.+20     	; 0x11e <_Z9init_ledsv+0x42>
     10a:	c0 9a       	sbi	0x18, 0	; 24
     10c:	ee cf       	rjmp	.-36     	; 0xea <_Z9init_ledsv+0xe>
     10e:	c1 9a       	sbi	0x18, 1	; 24
     110:	ec cf       	rjmp	.-40     	; 0xea <_Z9init_ledsv+0xe>
     112:	c2 9a       	sbi	0x18, 2	; 24
     114:	ea cf       	rjmp	.-44     	; 0xea <_Z9init_ledsv+0xe>
     116:	c3 9a       	sbi	0x18, 3	; 24
     118:	e8 cf       	rjmp	.-48     	; 0xea <_Z9init_ledsv+0xe>
     11a:	c4 9a       	sbi	0x18, 4	; 24
     11c:	08 95       	ret
     11e:	95 30       	cpi	r25, 0x05	; 5
     120:	20 f3       	brcs	.-56     	; 0xea <_Z9init_ledsv+0xe>
     122:	08 95       	ret

00000124 <_Z22timer0_tick_100us_initv>:
     124:	82 e0       	ldi	r24, 0x02	; 2
     126:	8a bd       	out	0x2a, r24	; 42
     128:	93 e6       	ldi	r25, 0x63	; 99
     12a:	99 bd       	out	0x29, r25	; 41
     12c:	83 bf       	out	0x33, r24	; 51
     12e:	89 b7       	in	r24, 0x39	; 57
     130:	80 61       	ori	r24, 0x10	; 16
     132:	89 bf       	out	0x39, r24	; 57
     134:	08 95       	ret

00000136 <_Z8init_adcv>:
     136:	80 b5       	in	r24, 0x20	; 32
     138:	8e 7f       	andi	r24, 0xFE	; 254
     13a:	80 bd       	out	0x20, r24	; 32
     13c:	17 b8       	out	0x07, r1	; 7
     13e:	3d 98       	cbi	0x07, 5	; 7
     140:	8f e8       	ldi	r24, 0x8F	; 143
     142:	86 b9       	out	0x06, r24	; 6
     144:	08 95       	ret

00000146 <__vector_10>:

ISR(TIMER0_COMPA_vect) {
     146:	1f 92       	push	r1
     148:	0f 92       	push	r0
     14a:	0f b6       	in	r0, 0x3f	; 63
     14c:	0f 92       	push	r0
     14e:	11 24       	eor	r1, r1
     150:	8f 93       	push	r24
     152:	9f 93       	push	r25
	// 100 µs tick scheduler
	switch (tick) {
     154:	80 91 6f 01 	lds	r24, 0x016F	; 0x80016f <tick>
     158:	88 23       	and	r24, r24
     15a:	19 f0       	breq	.+6      	; 0x162 <__vector_10+0x1c>
     15c:	82 30       	cpi	r24, 0x02	; 2
     15e:	19 f0       	breq	.+6      	; 0x166 <__vector_10+0x20>
     160:	04 c0       	rjmp	.+8      	; 0x16a <__vector_10+0x24>
		case 0: // t = 0
			// charge up port with pull-up
			PHOTODIODE_PORT |= PHOTODIODE_OFFSET;
     162:	c5 9a       	sbi	0x18, 5	; 24
			break;  
     164:	02 c0       	rjmp	.+4      	; 0x16a <__vector_10+0x24>
		case CHARGE_TICKS: // t = 200us
			//stop charging port after ~200us
			PHOTODIODE_PORT &= ~PHOTODIODE_OFFSET;
     166:	c5 98       	cbi	0x18, 5	; 24
			//start adc conversion
			ADCSRA |= (1<<ADSC);
     168:	36 9a       	sbi	0x06, 6	; 6
			break;
		default:  break;
	}
	tick++;
     16a:	80 91 6f 01 	lds	r24, 0x016F	; 0x80016f <tick>
     16e:	8f 5f       	subi	r24, 0xFF	; 255
     170:	80 93 6f 01 	sts	0x016F, r24	; 0x80016f <tick>
	tick_time++;
     174:	80 91 d7 00 	lds	r24, 0x00D7	; 0x8000d7 <tick_time>
     178:	90 91 d8 00 	lds	r25, 0x00D8	; 0x8000d8 <tick_time+0x1>
     17c:	01 96       	adiw	r24, 0x01	; 1
     17e:	90 93 d8 00 	sts	0x00D8, r25	; 0x8000d8 <tick_time+0x1>
     182:	80 93 d7 00 	sts	0x00D7, r24	; 0x8000d7 <tick_time>
	
	//if(delay_ticks <= 1) delay_ticks--;
	//else delay_ticks = 0;
	
	if (tick >= 125 + clock_offset) {              // t = 12.5 ms + slight offset for drift
     186:	80 91 6f 01 	lds	r24, 0x016F	; 0x80016f <tick>
     18a:	8e 37       	cpi	r24, 0x7E	; 126
     18c:	10 f0       	brcs	.+4      	; 0x192 <__vector_10+0x4c>
		tick = 0;                                  // next cycle
     18e:	10 92 6f 01 	sts	0x016F, r1	; 0x80016f <tick>
	}
}
     192:	9f 91       	pop	r25
     194:	8f 91       	pop	r24
     196:	0f 90       	pop	r0
     198:	0f be       	out	0x3f, r0	; 63
     19a:	0f 90       	pop	r0
     19c:	1f 90       	pop	r1
     19e:	18 95       	reti

000001a0 <__vector_8>:


ISR(ADC_vect)
{
     1a0:	1f 92       	push	r1
     1a2:	0f 92       	push	r0
     1a4:	0f b6       	in	r0, 0x3f	; 63
     1a6:	0f 92       	push	r0
     1a8:	11 24       	eor	r1, r1
     1aa:	2f 93       	push	r18
     1ac:	3f 93       	push	r19
     1ae:	4f 93       	push	r20
     1b0:	5f 93       	push	r21
     1b2:	8f 93       	push	r24
     1b4:	9f 93       	push	r25
	static uint8_t count = 0;
	static uint16_t integrate = 0;
	
	
	uint16_t reading = ADC;
     1b6:	24 b1       	in	r18, 0x04	; 4
     1b8:	35 b1       	in	r19, 0x05	; 5
	
	//check shake resistor for short circuit
	//Run mode can be determined by duration of short/open circuit 
	if(count == 0){
     1ba:	80 91 d6 00 	lds	r24, 0x00D6	; 0x8000d6 <_ZZ10__vector_8E5count>
     1be:	81 11       	cpse	r24, r1
     1c0:	35 c0       	rjmp	.+106    	; 0x22c <__DATA_REGION_LENGTH__+0x2c>
		//state change to short circuit
		if(reading < 10 && !ADC_shorted){
     1c2:	2a 30       	cpi	r18, 0x0A	; 10
     1c4:	31 05       	cpc	r19, r1
     1c6:	28 f4       	brcc	.+10     	; 0x1d2 <__vector_8+0x32>
     1c8:	80 91 da 00 	lds	r24, 0x00DA	; 0x8000da <ADC_shorted>
     1cc:	81 11       	cpse	r24, r1
     1ce:	05 c0       	rjmp	.+10     	; 0x1da <__vector_8+0x3a>
     1d0:	4e c0       	rjmp	.+156    	; 0x26e <__stack+0xf>
			ADC_shorted = true;
			ADC_shorted_cycles = 1;
		}
		//state change to open circuit
		else if(reading >= 10 && ADC_shorted){
     1d2:	80 91 da 00 	lds	r24, 0x00DA	; 0x8000da <ADC_shorted>
     1d6:	81 11       	cpse	r24, r1
     1d8:	54 c0       	rjmp	.+168    	; 0x282 <__stack+0x23>
			ADC_shorted = false;
			ADC_shorted_cycles = 1;
		}		
		ADC_shorted_cycles++;
     1da:	80 91 61 00 	lds	r24, 0x0061	; 0x800061 <ADC_shorted_cycles>
     1de:	90 91 62 00 	lds	r25, 0x0062	; 0x800062 <ADC_shorted_cycles+0x1>
     1e2:	01 96       	adiw	r24, 0x01	; 1
     1e4:	90 93 62 00 	sts	0x0062, r25	; 0x800062 <ADC_shorted_cycles+0x1>
     1e8:	80 93 61 00 	sts	0x0061, r24	; 0x800061 <ADC_shorted_cycles>
		if(ADC_shorted_cycles >= 1000) ADC_shorted_cycles = 1000;
     1ec:	80 91 61 00 	lds	r24, 0x0061	; 0x800061 <ADC_shorted_cycles>
     1f0:	90 91 62 00 	lds	r25, 0x0062	; 0x800062 <ADC_shorted_cycles+0x1>
     1f4:	88 3e       	cpi	r24, 0xE8	; 232
     1f6:	93 40       	sbci	r25, 0x03	; 3
     1f8:	30 f0       	brcs	.+12     	; 0x206 <__DATA_REGION_LENGTH__+0x6>
     1fa:	88 ee       	ldi	r24, 0xE8	; 232
     1fc:	93 e0       	ldi	r25, 0x03	; 3
     1fe:	90 93 62 00 	sts	0x0062, r25	; 0x800062 <ADC_shorted_cycles+0x1>
     202:	80 93 61 00 	sts	0x0061, r24	; 0x800061 <ADC_shorted_cycles>
		
		//if ADC hasn't been shorted recently run in program mode
		if(!ADC_shorted && ADC_shorted_cycles > 100) run_mode = 0;
     206:	80 91 da 00 	lds	r24, 0x00DA	; 0x8000da <ADC_shorted>
     20a:	81 11       	cpse	r24, r1
     20c:	46 c0       	rjmp	.+140    	; 0x29a <__stack+0x3b>
     20e:	80 91 61 00 	lds	r24, 0x0061	; 0x800061 <ADC_shorted_cycles>
     212:	90 91 62 00 	lds	r25, 0x0062	; 0x800062 <ADC_shorted_cycles+0x1>
     216:	85 36       	cpi	r24, 0x65	; 101
     218:	91 05       	cpc	r25, r1
     21a:	e0 f5       	brcc	.+120    	; 0x294 <__stack+0x35>
     21c:	3e c0       	rjmp	.+124    	; 0x29a <__stack+0x3b>
		//if ADC is continuously shorted display error
		else if(ADC_shorted && ADC_shorted_cycles > 10) run_mode = 2;
     21e:	80 91 61 00 	lds	r24, 0x0061	; 0x800061 <ADC_shorted_cycles>
     222:	90 91 62 00 	lds	r25, 0x0062	; 0x800062 <ADC_shorted_cycles+0x1>
     226:	0b 97       	sbiw	r24, 0x0b	; 11
     228:	e8 f5       	brcc	.+122    	; 0x2a4 <__stack+0x45>
     22a:	40 c0       	rjmp	.+128    	; 0x2ac <__stack+0x4d>
		//if ADC shorted run in animation mode for
		else run_mode = 1;
		
	}

	integrate += ADC;								// ADC is a macro that does ADCL then ADCH
     22c:	44 b1       	in	r20, 0x04	; 4
     22e:	55 b1       	in	r21, 0x05	; 5
     230:	20 91 d4 00 	lds	r18, 0x00D4	; 0x8000d4 <_ZZ10__vector_8E9integrate>
     234:	30 91 d5 00 	lds	r19, 0x00D5	; 0x8000d5 <_ZZ10__vector_8E9integrate+0x1>
     238:	24 0f       	add	r18, r20
     23a:	35 1f       	adc	r19, r21
     23c:	30 93 d5 00 	sts	0x00D5, r19	; 0x8000d5 <_ZZ10__vector_8E9integrate+0x1>
     240:	20 93 d4 00 	sts	0x00D4, r18	; 0x8000d4 <_ZZ10__vector_8E9integrate>
	count++;										//increment integration step
     244:	8f 5f       	subi	r24, 0xFF	; 255
     246:	80 93 d6 00 	sts	0x00D6, r24	; 0x8000d6 <_ZZ10__vector_8E5count>
	
	if (count < INTEGRATION_COUNT){
     24a:	80 32       	cpi	r24, 0x20	; 32
     24c:	10 f4       	brcc	.+4      	; 0x252 <__DATA_REGION_LENGTH__+0x52>
		ADCSRA |= (1<<ADSC);						//trigger new ADC reading
     24e:	36 9a       	sbi	0x06, 6	; 6
     250:	40 c0       	rjmp	.+128    	; 0x2d2 <__stack+0x73>
	}
	else {
		newSample_available = true;					//flag indicates new data ready
     252:	81 e0       	ldi	r24, 0x01	; 1
     254:	80 93 dd 00 	sts	0x00DD, r24	; 0x8000dd <newSample_available>
		//newSample = integrate >> INTEGRATION_SHIFT;	//divide by total samples for average
		newSample = integrate;
     258:	30 93 dc 00 	sts	0x00DC, r19	; 0x8000dc <newSample+0x1>
     25c:	20 93 db 00 	sts	0x00DB, r18	; 0x8000db <newSample>
		integrate = 0;								//reset integration
     260:	10 92 d5 00 	sts	0x00D5, r1	; 0x8000d5 <_ZZ10__vector_8E9integrate+0x1>
     264:	10 92 d4 00 	sts	0x00D4, r1	; 0x8000d4 <_ZZ10__vector_8E9integrate>
		count = 0;									//reset count
     268:	10 92 d6 00 	sts	0x00D6, r1	; 0x8000d6 <_ZZ10__vector_8E5count>
	}
	
	
}
     26c:	32 c0       	rjmp	.+100    	; 0x2d2 <__stack+0x73>
	//check shake resistor for short circuit
	//Run mode can be determined by duration of short/open circuit 
	if(count == 0){
		//state change to short circuit
		if(reading < 10 && !ADC_shorted){
			ADC_shorted = true;
     26e:	81 e0       	ldi	r24, 0x01	; 1
     270:	80 93 da 00 	sts	0x00DA, r24	; 0x8000da <ADC_shorted>
			ADC_shorted_cycles = 1;
     274:	81 e0       	ldi	r24, 0x01	; 1
     276:	90 e0       	ldi	r25, 0x00	; 0
     278:	90 93 62 00 	sts	0x0062, r25	; 0x800062 <ADC_shorted_cycles+0x1>
     27c:	80 93 61 00 	sts	0x0061, r24	; 0x800061 <ADC_shorted_cycles>
     280:	ac cf       	rjmp	.-168    	; 0x1da <__vector_8+0x3a>
		}
		//state change to open circuit
		else if(reading >= 10 && ADC_shorted){
			ADC_shorted = false;
     282:	10 92 da 00 	sts	0x00DA, r1	; 0x8000da <ADC_shorted>
			ADC_shorted_cycles = 1;
     286:	81 e0       	ldi	r24, 0x01	; 1
     288:	90 e0       	ldi	r25, 0x00	; 0
     28a:	90 93 62 00 	sts	0x0062, r25	; 0x800062 <ADC_shorted_cycles+0x1>
     28e:	80 93 61 00 	sts	0x0061, r24	; 0x800061 <ADC_shorted_cycles>
     292:	a3 cf       	rjmp	.-186    	; 0x1da <__vector_8+0x3a>
		}		
		ADC_shorted_cycles++;
		if(ADC_shorted_cycles >= 1000) ADC_shorted_cycles = 1000;
		
		//if ADC hasn't been shorted recently run in program mode
		if(!ADC_shorted && ADC_shorted_cycles > 100) run_mode = 0;
     294:	10 92 d9 00 	sts	0x00D9, r1	; 0x8000d9 <run_mode>
     298:	0c c0       	rjmp	.+24     	; 0x2b2 <__stack+0x53>
		//if ADC is continuously shorted display error
		else if(ADC_shorted && ADC_shorted_cycles > 10) run_mode = 2;
     29a:	80 91 da 00 	lds	r24, 0x00DA	; 0x8000da <ADC_shorted>
     29e:	81 11       	cpse	r24, r1
     2a0:	be cf       	rjmp	.-132    	; 0x21e <__DATA_REGION_LENGTH__+0x1e>
     2a2:	04 c0       	rjmp	.+8      	; 0x2ac <__stack+0x4d>
     2a4:	82 e0       	ldi	r24, 0x02	; 2
     2a6:	80 93 d9 00 	sts	0x00D9, r24	; 0x8000d9 <run_mode>
     2aa:	03 c0       	rjmp	.+6      	; 0x2b2 <__stack+0x53>
		//if ADC shorted run in animation mode for
		else run_mode = 1;
     2ac:	81 e0       	ldi	r24, 0x01	; 1
     2ae:	80 93 d9 00 	sts	0x00D9, r24	; 0x8000d9 <run_mode>
		
	}

	integrate += ADC;								// ADC is a macro that does ADCL then ADCH
     2b2:	84 b1       	in	r24, 0x04	; 4
     2b4:	95 b1       	in	r25, 0x05	; 5
     2b6:	20 91 d4 00 	lds	r18, 0x00D4	; 0x8000d4 <_ZZ10__vector_8E9integrate>
     2ba:	30 91 d5 00 	lds	r19, 0x00D5	; 0x8000d5 <_ZZ10__vector_8E9integrate+0x1>
     2be:	82 0f       	add	r24, r18
     2c0:	93 1f       	adc	r25, r19
     2c2:	90 93 d5 00 	sts	0x00D5, r25	; 0x8000d5 <_ZZ10__vector_8E9integrate+0x1>
     2c6:	80 93 d4 00 	sts	0x00D4, r24	; 0x8000d4 <_ZZ10__vector_8E9integrate>
	count++;										//increment integration step
     2ca:	81 e0       	ldi	r24, 0x01	; 1
     2cc:	80 93 d6 00 	sts	0x00D6, r24	; 0x8000d6 <_ZZ10__vector_8E5count>
     2d0:	be cf       	rjmp	.-132    	; 0x24e <__DATA_REGION_LENGTH__+0x4e>
		integrate = 0;								//reset integration
		count = 0;									//reset count
	}
	
	
}
     2d2:	9f 91       	pop	r25
     2d4:	8f 91       	pop	r24
     2d6:	5f 91       	pop	r21
     2d8:	4f 91       	pop	r20
     2da:	3f 91       	pop	r19
     2dc:	2f 91       	pop	r18
     2de:	0f 90       	pop	r0
     2e0:	0f be       	out	0x3f, r0	; 63
     2e2:	0f 90       	pop	r0
     2e4:	1f 90       	pop	r1
     2e6:	18 95       	reti

000002e8 <_Z12EEPROM_writehh>:
//----------EEPROM---------------	

void EEPROM_write(uint8_t ucAddress, uint8_t ucData)
{
	/* Wait for completion of previous write */
	while(EECR & (1<<EEPE))
     2e8:	e1 99       	sbic	0x1c, 1	; 28
     2ea:	fe cf       	rjmp	.-4      	; 0x2e8 <_Z12EEPROM_writehh>
	;
	/* Set Programming mode */
	EECR = (0<<EEPM1)|(0>>EEPM0);
     2ec:	1c ba       	out	0x1c, r1	; 28
	/* Set up address and data registers */
	EEARL = ucAddress;
     2ee:	8e bb       	out	0x1e, r24	; 30
	EEDR = ucData;
     2f0:	6d bb       	out	0x1d, r22	; 29
	/* Write logical one to EEMPE */
	EECR |= (1<<EEMPE);
     2f2:	e2 9a       	sbi	0x1c, 2	; 28
	/* Start eeprom write by setting EEPE */
	EECR |= (1<<EEPE);
     2f4:	e1 9a       	sbi	0x1c, 1	; 28
     2f6:	08 95       	ret

000002f8 <_Z11EEPROM_readh>:
}

uint8_t EEPROM_read(uint8_t ucAddress)
{
	/* Wait for completion of previous write */
	while(EECR & (1<<EEPE))
     2f8:	e1 99       	sbic	0x1c, 1	; 28
     2fa:	fe cf       	rjmp	.-4      	; 0x2f8 <_Z11EEPROM_readh>
	;
	/* Set up address register */
	EEARL = ucAddress;
     2fc:	8e bb       	out	0x1e, r24	; 30
	/* Start eeprom read by writing EERE */
	EECR |= (1<<EERE);
     2fe:	e0 9a       	sbi	0x1c, 0	; 28
	/* Return data from data register */
	return EEDR;
     300:	8d b3       	in	r24, 0x1d	; 29
}
     302:	08 95       	ret

00000304 <_Z11load_framesv>:

void load_frames(void){
     304:	1f 93       	push	r17
     306:	cf 93       	push	r28
     308:	df 93       	push	r29
	// load eeprom or default data into the frame buffer for displaying
	data_frame_count = EEPROM_read(0x0);
     30a:	80 e0       	ldi	r24, 0x00	; 0
     30c:	f5 df       	rcall	.-22     	; 0x2f8 <_Z11EEPROM_readh>
     30e:	80 93 de 00 	sts	0x00DE, r24	; 0x8000de <data_frame_count>
	
	if(data_frame_count != 0xff && data_frame_count != 0x0){
     312:	9f ef       	ldi	r25, 0xFF	; 255
     314:	98 0f       	add	r25, r24
     316:	9e 3f       	cpi	r25, 0xFE	; 254
     318:	20 f5       	brcc	.+72     	; 0x362 <_Z11load_framesv+0x5e>
		// eeprom data exists, use it
		for(uint8_t i = 0; i < data_frame_count*FRAME_WIDTH; i++){
     31a:	28 2f       	mov	r18, r24
     31c:	30 e0       	ldi	r19, 0x00	; 0
     31e:	28 0f       	add	r18, r24
     320:	31 1d       	adc	r19, r1
     322:	28 0f       	add	r18, r24
     324:	31 1d       	adc	r19, r1
     326:	22 0f       	add	r18, r18
     328:	33 1f       	adc	r19, r19
     32a:	12 16       	cp	r1, r18
     32c:	13 06       	cpc	r1, r19
     32e:	cc f5       	brge	.+114    	; 0x3a2 <_Z11load_framesv+0x9e>
     330:	c0 e0       	ldi	r28, 0x00	; 0
     332:	d0 e0       	ldi	r29, 0x00	; 0
     334:	10 e0       	ldi	r17, 0x00	; 0
			data_buf[i] = EEPROM_read(i+1);
     336:	1f 5f       	subi	r17, 0xFF	; 255
     338:	81 2f       	mov	r24, r17
     33a:	de df       	rcall	.-68     	; 0x2f8 <_Z11EEPROM_readh>
     33c:	c1 52       	subi	r28, 0x21	; 33
     33e:	df 4f       	sbci	r29, 0xFF	; 255
     340:	88 83       	st	Y, r24
	// load eeprom or default data into the frame buffer for displaying
	data_frame_count = EEPROM_read(0x0);
	
	if(data_frame_count != 0xff && data_frame_count != 0x0){
		// eeprom data exists, use it
		for(uint8_t i = 0; i < data_frame_count*FRAME_WIDTH; i++){
     342:	c1 2f       	mov	r28, r17
     344:	d0 e0       	ldi	r29, 0x00	; 0
     346:	20 91 de 00 	lds	r18, 0x00DE	; 0x8000de <data_frame_count>
     34a:	82 2f       	mov	r24, r18
     34c:	90 e0       	ldi	r25, 0x00	; 0
     34e:	82 0f       	add	r24, r18
     350:	91 1d       	adc	r25, r1
     352:	82 0f       	add	r24, r18
     354:	91 1d       	adc	r25, r1
     356:	88 0f       	add	r24, r24
     358:	99 1f       	adc	r25, r25
     35a:	c8 17       	cp	r28, r24
     35c:	d9 07       	cpc	r29, r25
     35e:	5c f3       	brlt	.-42     	; 0x336 <_Z11load_framesv+0x32>
     360:	20 c0       	rjmp	.+64     	; 0x3a2 <_Z11load_framesv+0x9e>
		}
		return;
	}
	
	// no or bad eeprom, use default
	data_frame_count = default_data_size;
     362:	80 91 9f 00 	lds	r24, 0x009F	; 0x80009f <default_data_size>
     366:	80 93 de 00 	sts	0x00DE, r24	; 0x8000de <data_frame_count>
	for(uint8_t i = 0; i < data_frame_count*FRAME_WIDTH; i++){
     36a:	48 2f       	mov	r20, r24
     36c:	50 e0       	ldi	r21, 0x00	; 0
     36e:	48 0f       	add	r20, r24
     370:	51 1d       	adc	r21, r1
     372:	48 0f       	add	r20, r24
     374:	51 1d       	adc	r21, r1
     376:	44 0f       	add	r20, r20
     378:	55 1f       	adc	r21, r21
     37a:	14 16       	cp	r1, r20
     37c:	15 06       	cpc	r1, r21
     37e:	8c f4       	brge	.+34     	; 0x3a2 <_Z11load_framesv+0x9e>
     380:	80 e0       	ldi	r24, 0x00	; 0
     382:	90 e0       	ldi	r25, 0x00	; 0
     384:	20 e0       	ldi	r18, 0x00	; 0
		data_buf[i] = default_data[i];
     386:	fc 01       	movw	r30, r24
     388:	e1 52       	subi	r30, 0x21	; 33
     38a:	ff 4f       	sbci	r31, 0xFF	; 255
     38c:	dc 01       	movw	r26, r24
     38e:	ad 59       	subi	r26, 0x9D	; 157
     390:	bf 4f       	sbci	r27, 0xFF	; 255
     392:	8c 91       	ld	r24, X
     394:	80 83       	st	Z, r24
		return;
	}
	
	// no or bad eeprom, use default
	data_frame_count = default_data_size;
	for(uint8_t i = 0; i < data_frame_count*FRAME_WIDTH; i++){
     396:	2f 5f       	subi	r18, 0xFF	; 255
     398:	82 2f       	mov	r24, r18
     39a:	90 e0       	ldi	r25, 0x00	; 0
     39c:	84 17       	cp	r24, r20
     39e:	95 07       	cpc	r25, r21
     3a0:	94 f3       	brlt	.-28     	; 0x386 <_Z11load_framesv+0x82>
		data_buf[i] = default_data[i];
	}
}
     3a2:	df 91       	pop	r29
     3a4:	cf 91       	pop	r28
     3a6:	1f 91       	pop	r17
     3a8:	08 95       	ret

000003aa <_Z12user_programv>:

//---------- Running Modes ---------------	

bool user_program(void){
     3aa:	2f 92       	push	r2
     3ac:	3f 92       	push	r3
     3ae:	4f 92       	push	r4
     3b0:	5f 92       	push	r5
     3b2:	6f 92       	push	r6
     3b4:	7f 92       	push	r7
     3b6:	8f 92       	push	r8
     3b8:	9f 92       	push	r9
     3ba:	af 92       	push	r10
     3bc:	bf 92       	push	r11
     3be:	cf 92       	push	r12
     3c0:	df 92       	push	r13
     3c2:	ef 92       	push	r14
     3c4:	ff 92       	push	r15
     3c6:	0f 93       	push	r16
     3c8:	1f 93       	push	r17
     3ca:	cf 93       	push	r28
     3cc:	df 93       	push	r29
     3ce:	00 d0       	rcall	.+0      	; 0x3d0 <_Z12user_programv+0x26>
     3d0:	00 d0       	rcall	.+0      	; 0x3d2 <_Z12user_programv+0x28>
     3d2:	00 d0       	rcall	.+0      	; 0x3d4 <_Z12user_programv+0x2a>
     3d4:	cd b7       	in	r28, 0x3d	; 61
     3d6:	de b7       	in	r29, 0x3e	; 62
	// ------------- Seek until successful transfer ------------------
	while(seekData)
	{
		static uint8_t stablewhen0 = 10;
		
		if(run_mode != 0) return 0; //exit programming mode early
     3d8:	80 91 d9 00 	lds	r24, 0x00D9	; 0x8000d9 <run_mode>
     3dc:	81 11       	cpse	r24, r1
     3de:	54 c3       	rjmp	.+1704   	; 0xa88 <__LOCK_REGION_LENGTH__+0x688>
     3e0:	21 e0       	ldi	r18, 0x01	; 1
     3e2:	1c 82       	std	Y+4, r1	; 0x04
     3e4:	1a 82       	std	Y+2, r1	; 0x02
     3e6:	1b 82       	std	Y+3, r1	; 0x03
     3e8:	19 82       	std	Y+1, r1	; 0x01
							seekData = true;
						} 
						// too many frames
						else if ((current_byte + 1) / FRAME_WIDTH > MAX_FRAMES) {
							led_error(0);
							seekData = true;
     3ea:	99 24       	eor	r9, r9
     3ec:	93 94       	inc	r9
     3ee:	0f 2e       	mov	r0, r31
     3f0:	f8 ec       	ldi	r31, 0xC8	; 200
     3f2:	2f 2e       	mov	r2, r31
     3f4:	f0 e0       	ldi	r31, 0x00	; 0
     3f6:	3f 2e       	mov	r3, r31
     3f8:	f0 2d       	mov	r31, r0
     3fa:	05 c0       	rjmp	.+10     	; 0x406 <__LOCK_REGION_LENGTH__+0x6>

				if (current_bit > 5) {
					//if 5th bit is 0, data is over, or read is corrupted
					if (!(rx & 0b1)) {
						//data read is finished, or data is corrupted
						data_incoming = false;
     3fc:	1c 82       	std	Y+4, r1	; 0x04
	// ------------- Seek until successful transfer ------------------
	while(seekData)
	{
		static uint8_t stablewhen0 = 10;
		
		if(run_mode != 0) return 0; //exit programming mode early
     3fe:	80 91 d9 00 	lds	r24, 0x00D9	; 0x8000d9 <run_mode>
     402:	81 11       	cpse	r24, r1
     404:	43 c3       	rjmp	.+1670   	; 0xa8c <__LOCK_REGION_LENGTH__+0x68c>
		
		//------------ Process ADC Sample -----------------
		if(newSample_available)
     406:	80 91 dd 00 	lds	r24, 0x00DD	; 0x8000dd <newSample_available>
     40a:	88 23       	and	r24, r24
     40c:	09 f4       	brne	.+2      	; 0x410 <__LOCK_REGION_LENGTH__+0x10>
     40e:	a9 c1       	rjmp	.+850    	; 0x762 <__LOCK_REGION_LENGTH__+0x362>
			static uint16_t max_bucket[SAMPLE_HISTORY];
			static uint16_t min_bucket[SAMPLE_HISTORY];
			static uint8_t bucket_sample = 0;
			static uint8_t bucket_writepos = 0;
				
			newSample_available = false;
     410:	10 92 dd 00 	sts	0x00DD, r1	; 0x8000dd <newSample_available>
			
			if(first_read){
     414:	22 23       	and	r18, r18
     416:	09 f4       	brne	.+2      	; 0x41a <__LOCK_REGION_LENGTH__+0x1a>
     418:	40 c0       	rjmp	.+128    	; 0x49a <__LOCK_REGION_LENGTH__+0x9a>
				first_read = false;
				data_smooth = newSample;
     41a:	60 91 db 00 	lds	r22, 0x00DB	; 0x8000db <newSample>
     41e:	70 91 dc 00 	lds	r23, 0x00DC	; 0x8000dc <newSample+0x1>
     422:	80 e0       	ldi	r24, 0x00	; 0
     424:	90 e0       	ldi	r25, 0x00	; 0
     426:	8e d6       	rcall	.+3356   	; 0x1144 <__floatunsisf>
     428:	60 93 d0 00 	sts	0x00D0, r22	; 0x8000d0 <_ZZ12user_programvE11data_smooth>
     42c:	70 93 d1 00 	sts	0x00D1, r23	; 0x8000d1 <_ZZ12user_programvE11data_smooth+0x1>
     430:	80 93 d2 00 	sts	0x00D2, r24	; 0x8000d2 <_ZZ12user_programvE11data_smooth+0x2>
     434:	90 93 d3 00 	sts	0x00D3, r25	; 0x8000d3 <_ZZ12user_programvE11data_smooth+0x3>
				data_max = newSample;
     438:	60 91 db 00 	lds	r22, 0x00DB	; 0x8000db <newSample>
     43c:	70 91 dc 00 	lds	r23, 0x00DC	; 0x8000dc <newSample+0x1>
     440:	80 e0       	ldi	r24, 0x00	; 0
     442:	90 e0       	ldi	r25, 0x00	; 0
     444:	7f d6       	rcall	.+3326   	; 0x1144 <__floatunsisf>
     446:	60 93 cc 00 	sts	0x00CC, r22	; 0x8000cc <_ZZ12user_programvE8data_max>
     44a:	70 93 cd 00 	sts	0x00CD, r23	; 0x8000cd <_ZZ12user_programvE8data_max+0x1>
     44e:	80 93 ce 00 	sts	0x00CE, r24	; 0x8000ce <_ZZ12user_programvE8data_max+0x2>
     452:	90 93 cf 00 	sts	0x00CF, r25	; 0x8000cf <_ZZ12user_programvE8data_max+0x3>
				data_min = newSample;
     456:	60 91 db 00 	lds	r22, 0x00DB	; 0x8000db <newSample>
     45a:	70 91 dc 00 	lds	r23, 0x00DC	; 0x8000dc <newSample+0x1>
     45e:	80 e0       	ldi	r24, 0x00	; 0
     460:	90 e0       	ldi	r25, 0x00	; 0
     462:	70 d6       	rcall	.+3296   	; 0x1144 <__floatunsisf>
     464:	60 93 c8 00 	sts	0x00C8, r22	; 0x8000c8 <_ZZ12user_programvE8data_min>
     468:	70 93 c9 00 	sts	0x00C9, r23	; 0x8000c9 <_ZZ12user_programvE8data_min+0x1>
     46c:	80 93 ca 00 	sts	0x00CA, r24	; 0x8000ca <_ZZ12user_programvE8data_min+0x2>
     470:	90 93 cb 00 	sts	0x00CB, r25	; 0x8000cb <_ZZ12user_programvE8data_min+0x3>
     474:	e8 eb       	ldi	r30, 0xB8	; 184
     476:	f0 e0       	ldi	r31, 0x00	; 0
     478:	a8 ea       	ldi	r26, 0xA8	; 168
     47a:	b0 e0       	ldi	r27, 0x00	; 0
				for(uint8_t block = 0; block < SAMPLE_HISTORY; block++){
					max_bucket[block] = newSample;
     47c:	80 91 db 00 	lds	r24, 0x00DB	; 0x8000db <newSample>
     480:	90 91 dc 00 	lds	r25, 0x00DC	; 0x8000dc <newSample+0x1>
     484:	81 93       	st	Z+, r24
     486:	91 93       	st	Z+, r25
					min_bucket[block] = newSample;
     488:	80 91 db 00 	lds	r24, 0x00DB	; 0x8000db <newSample>
     48c:	90 91 dc 00 	lds	r25, 0x00DC	; 0x8000dc <newSample+0x1>
     490:	8d 93       	st	X+, r24
     492:	9d 93       	st	X+, r25
			if(first_read){
				first_read = false;
				data_smooth = newSample;
				data_max = newSample;
				data_min = newSample;
				for(uint8_t block = 0; block < SAMPLE_HISTORY; block++){
     494:	2e 16       	cp	r2, r30
     496:	3f 06       	cpc	r3, r31
     498:	89 f7       	brne	.-30     	; 0x47c <__LOCK_REGION_LENGTH__+0x7c>
					max_bucket[block] = newSample;
					min_bucket[block] = newSample;
				}
			}
			
			data_smooth = data_smooth * 0.5 + (float)newSample * 0.5;			
     49a:	80 91 db 00 	lds	r24, 0x00DB	; 0x8000db <newSample>
     49e:	90 91 dc 00 	lds	r25, 0x00DC	; 0x8000dc <newSample+0x1>
     4a2:	9e 83       	std	Y+6, r25	; 0x06
     4a4:	8d 83       	std	Y+5, r24	; 0x05
     4a6:	20 e0       	ldi	r18, 0x00	; 0
     4a8:	30 e0       	ldi	r19, 0x00	; 0
     4aa:	40 e0       	ldi	r20, 0x00	; 0
     4ac:	5f e3       	ldi	r21, 0x3F	; 63
     4ae:	60 91 d0 00 	lds	r22, 0x00D0	; 0x8000d0 <_ZZ12user_programvE11data_smooth>
     4b2:	70 91 d1 00 	lds	r23, 0x00D1	; 0x8000d1 <_ZZ12user_programvE11data_smooth+0x1>
     4b6:	80 91 d2 00 	lds	r24, 0x00D2	; 0x8000d2 <_ZZ12user_programvE11data_smooth+0x2>
     4ba:	90 91 d3 00 	lds	r25, 0x00D3	; 0x8000d3 <_ZZ12user_programvE11data_smooth+0x3>
     4be:	f8 d6       	rcall	.+3568   	; 0x12b0 <__mulsf3>
     4c0:	6b 01       	movw	r12, r22
     4c2:	7c 01       	movw	r14, r24
     4c4:	ed 81       	ldd	r30, Y+5	; 0x05
     4c6:	fe 81       	ldd	r31, Y+6	; 0x06
     4c8:	bf 01       	movw	r22, r30
     4ca:	80 e0       	ldi	r24, 0x00	; 0
     4cc:	90 e0       	ldi	r25, 0x00	; 0
     4ce:	3a d6       	rcall	.+3188   	; 0x1144 <__floatunsisf>
     4d0:	20 e0       	ldi	r18, 0x00	; 0
     4d2:	30 e0       	ldi	r19, 0x00	; 0
     4d4:	40 e0       	ldi	r20, 0x00	; 0
     4d6:	5f e3       	ldi	r21, 0x3F	; 63
     4d8:	eb d6       	rcall	.+3542   	; 0x12b0 <__mulsf3>
     4da:	9b 01       	movw	r18, r22
     4dc:	ac 01       	movw	r20, r24
     4de:	c7 01       	movw	r24, r14
     4e0:	b6 01       	movw	r22, r12
     4e2:	9c d5       	rcall	.+2872   	; 0x101c <__addsf3>
     4e4:	6b 01       	movw	r12, r22
     4e6:	7c 01       	movw	r14, r24
     4e8:	60 93 d0 00 	sts	0x00D0, r22	; 0x8000d0 <_ZZ12user_programvE11data_smooth>
     4ec:	70 93 d1 00 	sts	0x00D1, r23	; 0x8000d1 <_ZZ12user_programvE11data_smooth+0x1>
     4f0:	80 93 d2 00 	sts	0x00D2, r24	; 0x8000d2 <_ZZ12user_programvE11data_smooth+0x2>
     4f4:	90 93 d3 00 	sts	0x00D3, r25	; 0x8000d3 <_ZZ12user_programvE11data_smooth+0x3>
			
			// windowed historic maximum/minimum over a large number of samples without storing every sample
			// each bucket contains a max/min that represents 8 previous samples
			// old buckets are overwritten, so historic data generally follows the signal
			if(data_smooth > max_bucket[bucket_writepos]) max_bucket[bucket_writepos] = data_smooth;
     4f8:	10 91 a7 00 	lds	r17, 0x00A7	; 0x8000a7 <_ZZ12user_programvE15bucket_writepos>
     4fc:	21 2f       	mov	r18, r17
     4fe:	30 e0       	ldi	r19, 0x00	; 0
     500:	3e 83       	std	Y+6, r19	; 0x06
     502:	2d 83       	std	Y+5, r18	; 0x05
     504:	f9 01       	movw	r30, r18
     506:	ee 0f       	add	r30, r30
     508:	ff 1f       	adc	r31, r31
     50a:	e8 54       	subi	r30, 0x48	; 72
     50c:	ff 4f       	sbci	r31, 0xFF	; 255
     50e:	60 81       	ld	r22, Z
     510:	71 81       	ldd	r23, Z+1	; 0x01
     512:	80 e0       	ldi	r24, 0x00	; 0
     514:	90 e0       	ldi	r25, 0x00	; 0
     516:	16 d6       	rcall	.+3116   	; 0x1144 <__floatunsisf>
     518:	9b 01       	movw	r18, r22
     51a:	ac 01       	movw	r20, r24
     51c:	c7 01       	movw	r24, r14
     51e:	b6 01       	movw	r22, r12
     520:	c3 d6       	rcall	.+3462   	; 0x12a8 <__gesf2>
     522:	18 16       	cp	r1, r24
     524:	84 f4       	brge	.+32     	; 0x546 <__LOCK_REGION_LENGTH__+0x146>
     526:	8d 81       	ldd	r24, Y+5	; 0x05
     528:	9e 81       	ldd	r25, Y+6	; 0x06
     52a:	88 0f       	add	r24, r24
     52c:	99 1f       	adc	r25, r25
     52e:	88 54       	subi	r24, 0x48	; 72
     530:	9f 4f       	sbci	r25, 0xFF	; 255
     532:	9e 83       	std	Y+6, r25	; 0x06
     534:	8d 83       	std	Y+5, r24	; 0x05
     536:	c7 01       	movw	r24, r14
     538:	b6 01       	movw	r22, r12
     53a:	d8 d5       	rcall	.+2992   	; 0x10ec <__fixunssfsi>
     53c:	ed 81       	ldd	r30, Y+5	; 0x05
     53e:	fe 81       	ldd	r31, Y+6	; 0x06
     540:	71 83       	std	Z+1, r23	; 0x01
     542:	60 83       	st	Z, r22
     544:	21 c0       	rjmp	.+66     	; 0x588 <__LOCK_REGION_LENGTH__+0x188>
			else if(data_smooth < min_bucket[bucket_writepos]) min_bucket[bucket_writepos] = data_smooth;
     546:	ed 81       	ldd	r30, Y+5	; 0x05
     548:	fe 81       	ldd	r31, Y+6	; 0x06
     54a:	ee 0f       	add	r30, r30
     54c:	ff 1f       	adc	r31, r31
     54e:	e8 55       	subi	r30, 0x58	; 88
     550:	ff 4f       	sbci	r31, 0xFF	; 255
     552:	60 81       	ld	r22, Z
     554:	71 81       	ldd	r23, Z+1	; 0x01
     556:	80 e0       	ldi	r24, 0x00	; 0
     558:	90 e0       	ldi	r25, 0x00	; 0
     55a:	f4 d5       	rcall	.+3048   	; 0x1144 <__floatunsisf>
     55c:	9b 01       	movw	r18, r22
     55e:	ac 01       	movw	r20, r24
     560:	c7 01       	movw	r24, r14
     562:	b6 01       	movw	r22, r12
     564:	bf d5       	rcall	.+2942   	; 0x10e4 <__cmpsf2>
     566:	88 23       	and	r24, r24
     568:	7c f4       	brge	.+30     	; 0x588 <__LOCK_REGION_LENGTH__+0x188>
     56a:	2d 81       	ldd	r18, Y+5	; 0x05
     56c:	3e 81       	ldd	r19, Y+6	; 0x06
     56e:	22 0f       	add	r18, r18
     570:	33 1f       	adc	r19, r19
     572:	28 55       	subi	r18, 0x58	; 88
     574:	3f 4f       	sbci	r19, 0xFF	; 255
     576:	3e 83       	std	Y+6, r19	; 0x06
     578:	2d 83       	std	Y+5, r18	; 0x05
     57a:	c7 01       	movw	r24, r14
     57c:	b6 01       	movw	r22, r12
     57e:	b6 d5       	rcall	.+2924   	; 0x10ec <__fixunssfsi>
     580:	ed 81       	ldd	r30, Y+5	; 0x05
     582:	fe 81       	ldd	r31, Y+6	; 0x06
     584:	71 83       	std	Z+1, r23	; 0x01
     586:	60 83       	st	Z, r22
			
			bucket_sample++;
     588:	80 91 a6 00 	lds	r24, 0x00A6	; 0x8000a6 <_ZZ12user_programvE13bucket_sample>
     58c:	8f 5f       	subi	r24, 0xFF	; 255
			
			if(bucket_sample >= OVERSAMPLE){
     58e:	88 30       	cpi	r24, 0x08	; 8
     590:	18 f4       	brcc	.+6      	; 0x598 <__LOCK_REGION_LENGTH__+0x198>
			// each bucket contains a max/min that represents 8 previous samples
			// old buckets are overwritten, so historic data generally follows the signal
			if(data_smooth > max_bucket[bucket_writepos]) max_bucket[bucket_writepos] = data_smooth;
			else if(data_smooth < min_bucket[bucket_writepos]) min_bucket[bucket_writepos] = data_smooth;
			
			bucket_sample++;
     592:	80 93 a6 00 	sts	0x00A6, r24	; 0x8000a6 <_ZZ12user_programvE13bucket_sample>
     596:	24 c0       	rjmp	.+72     	; 0x5e0 <__LOCK_REGION_LENGTH__+0x1e0>
			
			if(bucket_sample >= OVERSAMPLE){
				bucket_sample = 0;
     598:	10 92 a6 00 	sts	0x00A6, r1	; 0x8000a6 <_ZZ12user_programvE13bucket_sample>
				bucket_writepos++;
     59c:	1f 5f       	subi	r17, 0xFF	; 255
				if(bucket_writepos >= SAMPLE_HISTORY) bucket_writepos = 0;
     59e:	18 30       	cpi	r17, 0x08	; 8
     5a0:	18 f4       	brcc	.+6      	; 0x5a8 <__LOCK_REGION_LENGTH__+0x1a8>
			
			bucket_sample++;
			
			if(bucket_sample >= OVERSAMPLE){
				bucket_sample = 0;
				bucket_writepos++;
     5a2:	10 93 a7 00 	sts	0x00A7, r17	; 0x8000a7 <_ZZ12user_programvE15bucket_writepos>
     5a6:	02 c0       	rjmp	.+4      	; 0x5ac <__LOCK_REGION_LENGTH__+0x1ac>
				if(bucket_writepos >= SAMPLE_HISTORY) bucket_writepos = 0;
     5a8:	10 92 a7 00 	sts	0x00A7, r1	; 0x8000a7 <_ZZ12user_programvE15bucket_writepos>
				max_bucket[bucket_writepos] = data_smooth;
     5ac:	f0 91 a7 00 	lds	r31, 0x00A7	; 0x8000a7 <_ZZ12user_programvE15bucket_writepos>
     5b0:	2f 2f       	mov	r18, r31
     5b2:	30 e0       	ldi	r19, 0x00	; 0
     5b4:	3e 83       	std	Y+6, r19	; 0x06
     5b6:	2d 83       	std	Y+5, r18	; 0x05
     5b8:	c7 01       	movw	r24, r14
     5ba:	b6 01       	movw	r22, r12
     5bc:	97 d5       	rcall	.+2862   	; 0x10ec <__fixunssfsi>
     5be:	ed 81       	ldd	r30, Y+5	; 0x05
     5c0:	fe 81       	ldd	r31, Y+6	; 0x06
     5c2:	ee 0f       	add	r30, r30
     5c4:	ff 1f       	adc	r31, r31
     5c6:	fe 83       	std	Y+6, r31	; 0x06
     5c8:	ed 83       	std	Y+5, r30	; 0x05
     5ca:	e8 54       	subi	r30, 0x48	; 72
     5cc:	ff 4f       	sbci	r31, 0xFF	; 255
     5ce:	71 83       	std	Z+1, r23	; 0x01
     5d0:	60 83       	st	Z, r22
				min_bucket[bucket_writepos] = data_smooth;
     5d2:	2d 81       	ldd	r18, Y+5	; 0x05
     5d4:	3e 81       	ldd	r19, Y+6	; 0x06
     5d6:	28 55       	subi	r18, 0x58	; 88
     5d8:	3f 4f       	sbci	r19, 0xFF	; 255
     5da:	f9 01       	movw	r30, r18
     5dc:	71 83       	std	Z+1, r23	; 0x01
     5de:	60 83       	st	Z, r22
			}
			
			//lock the max/min values if data transfer is active
			if(!data_incoming)
     5e0:	fc 81       	ldd	r31, Y+4	; 0x04
     5e2:	f1 11       	cpse	r31, r1
     5e4:	96 c2       	rjmp	.+1324   	; 0xb12 <__LOCK_REGION_LENGTH__+0x712>
			{
				data_max = max_bucket[0];
     5e6:	e8 eb       	ldi	r30, 0xB8	; 184
     5e8:	f0 e0       	ldi	r31, 0x00	; 0
     5ea:	60 81       	ld	r22, Z
     5ec:	71 81       	ldd	r23, Z+1	; 0x01
     5ee:	80 e0       	ldi	r24, 0x00	; 0
     5f0:	90 e0       	ldi	r25, 0x00	; 0
     5f2:	a8 d5       	rcall	.+2896   	; 0x1144 <__floatunsisf>
     5f4:	b6 2e       	mov	r11, r22
     5f6:	a7 2e       	mov	r10, r23
     5f8:	88 2e       	mov	r8, r24
     5fa:	99 83       	std	Y+1, r25	; 0x01
				data_min = min_bucket[0];
     5fc:	e8 ea       	ldi	r30, 0xA8	; 168
     5fe:	f0 e0       	ldi	r31, 0x00	; 0
     600:	60 81       	ld	r22, Z
     602:	71 81       	ldd	r23, Z+1	; 0x01
     604:	80 e0       	ldi	r24, 0x00	; 0
     606:	90 e0       	ldi	r25, 0x00	; 0
     608:	9d d5       	rcall	.+2874   	; 0x1144 <__floatunsisf>
     60a:	76 2e       	mov	r7, r22
     60c:	67 2e       	mov	r6, r23
     60e:	58 2e       	mov	r5, r24
     610:	49 2e       	mov	r4, r25
     612:	2a eb       	ldi	r18, 0xBA	; 186
     614:	30 e0       	ldi	r19, 0x00	; 0
     616:	08 ea       	ldi	r16, 0xA8	; 168
     618:	10 e0       	ldi	r17, 0x00	; 0
     61a:	3e 83       	std	Y+6, r19	; 0x06
     61c:	2d 83       	std	Y+5, r18	; 0x05
			
				for(uint8_t block = 1; block < SAMPLE_HISTORY; block++)
				{
					if(max_bucket[block] > data_max) data_max = max_bucket[block];
     61e:	ed 81       	ldd	r30, Y+5	; 0x05
     620:	fe 81       	ldd	r31, Y+6	; 0x06
     622:	61 91       	ld	r22, Z+
     624:	71 91       	ld	r23, Z+
     626:	fe 83       	std	Y+6, r31	; 0x06
     628:	ed 83       	std	Y+5, r30	; 0x05
     62a:	80 e0       	ldi	r24, 0x00	; 0
     62c:	90 e0       	ldi	r25, 0x00	; 0
     62e:	8a d5       	rcall	.+2836   	; 0x1144 <__floatunsisf>
     630:	c6 2e       	mov	r12, r22
     632:	d7 2e       	mov	r13, r23
     634:	e8 2e       	mov	r14, r24
     636:	f9 2e       	mov	r15, r25
     638:	2b 2d       	mov	r18, r11
     63a:	3a 2d       	mov	r19, r10
     63c:	48 2d       	mov	r20, r8
     63e:	59 81       	ldd	r21, Y+1	; 0x01
     640:	33 d6       	rcall	.+3174   	; 0x12a8 <__gesf2>
     642:	18 16       	cp	r1, r24
     644:	d4 f0       	brlt	.+52     	; 0x67a <__LOCK_REGION_LENGTH__+0x27a>
					else if(min_bucket[block] < data_min) data_min = min_bucket[block];
     646:	f8 01       	movw	r30, r16
     648:	62 81       	ldd	r22, Z+2	; 0x02
     64a:	73 81       	ldd	r23, Z+3	; 0x03
     64c:	80 e0       	ldi	r24, 0x00	; 0
     64e:	90 e0       	ldi	r25, 0x00	; 0
     650:	79 d5       	rcall	.+2802   	; 0x1144 <__floatunsisf>
     652:	c6 2e       	mov	r12, r22
     654:	d7 2e       	mov	r13, r23
     656:	e8 2e       	mov	r14, r24
     658:	f9 2e       	mov	r15, r25
     65a:	26 2f       	mov	r18, r22
     65c:	37 2f       	mov	r19, r23
     65e:	48 2f       	mov	r20, r24
     660:	59 2f       	mov	r21, r25
     662:	67 2d       	mov	r22, r7
     664:	76 2d       	mov	r23, r6
     666:	85 2d       	mov	r24, r5
     668:	94 2d       	mov	r25, r4
     66a:	1e d6       	rcall	.+3132   	; 0x12a8 <__gesf2>
     66c:	18 16       	cp	r1, r24
     66e:	4c f4       	brge	.+18     	; 0x682 <__LOCK_REGION_LENGTH__+0x282>
     670:	7c 2c       	mov	r7, r12
     672:	6d 2c       	mov	r6, r13
     674:	5e 2c       	mov	r5, r14
     676:	4f 2c       	mov	r4, r15
     678:	04 c0       	rjmp	.+8      	; 0x682 <__LOCK_REGION_LENGTH__+0x282>
				data_max = max_bucket[0];
				data_min = min_bucket[0];
			
				for(uint8_t block = 1; block < SAMPLE_HISTORY; block++)
				{
					if(max_bucket[block] > data_max) data_max = max_bucket[block];
     67a:	bc 2c       	mov	r11, r12
     67c:	ad 2c       	mov	r10, r13
     67e:	8e 2c       	mov	r8, r14
     680:	f9 82       	std	Y+1, r15	; 0x01
     682:	0e 5f       	subi	r16, 0xFE	; 254
     684:	1f 4f       	sbci	r17, 0xFF	; 255
			if(!data_incoming)
			{
				data_max = max_bucket[0];
				data_min = min_bucket[0];
			
				for(uint8_t block = 1; block < SAMPLE_HISTORY; block++)
     686:	2d 81       	ldd	r18, Y+5	; 0x05
     688:	3e 81       	ldd	r19, Y+6	; 0x06
     68a:	22 15       	cp	r18, r2
     68c:	33 05       	cpc	r19, r3
     68e:	39 f6       	brne	.-114    	; 0x61e <__LOCK_REGION_LENGTH__+0x21e>
     690:	ff c1       	rjmp	.+1022   	; 0xa90 <__LOCK_REGION_LENGTH__+0x690>
	switch(led_num){
		case 0x0:
			LED1_PORT |= (LED1_OFFSET);
			break;
		case 0x1:
			LED2_PORT |= (LED2_OFFSET);
     692:	c1 9a       	sbi	0x18, 1	; 24
			//OR
			//good signal if data transfer is active
			if( data_incoming || amplitude >= data_max * (SIGNAL_STRENGTH_FACTOR / 100.0) ) signal_available = true;
			else{
				led_off(led_signal_steady);
				stablewhen0 = 10;
     694:	3a e0       	ldi	r19, 0x0A	; 10
     696:	30 93 60 00 	sts	0x0060, r19	; 0x800060 <__DATA_REGION_ORIGIN__>
				signal_available = false;
     69a:	1d 82       	std	Y+5, r1	; 0x05
     69c:	01 c0       	rjmp	.+2      	; 0x6a0 <__LOCK_REGION_LENGTH__+0x2a0>
			float midline = amplitude / 2 + data_min;	//threshold between high and low
							
			//good signal if optical signal has large enough contrast
			//OR
			//good signal if data transfer is active
			if( data_incoming || amplitude >= data_max * (SIGNAL_STRENGTH_FACTOR / 100.0) ) signal_available = true;
     69e:	9d 82       	std	Y+5, r9	; 0x05
				stablewhen0 = 10;
				signal_available = false;
			}
			
			//convert analog signal to boolean
			if (data_smooth < midline) state_now = 1;  //invert the reading
     6a0:	c0 90 d0 00 	lds	r12, 0x00D0	; 0x8000d0 <_ZZ12user_programvE11data_smooth>
     6a4:	d0 90 d1 00 	lds	r13, 0x00D1	; 0x8000d1 <_ZZ12user_programvE11data_smooth+0x1>
     6a8:	e0 90 d2 00 	lds	r14, 0x00D2	; 0x8000d2 <_ZZ12user_programvE11data_smooth+0x2>
     6ac:	f0 90 d3 00 	lds	r15, 0x00D3	; 0x8000d3 <_ZZ12user_programvE11data_smooth+0x3>
     6b0:	a3 01       	movw	r20, r6
     6b2:	92 01       	movw	r18, r4
     6b4:	c7 01       	movw	r24, r14
     6b6:	b6 01       	movw	r22, r12
     6b8:	15 d5       	rcall	.+2602   	; 0x10e4 <__cmpsf2>
     6ba:	88 0f       	add	r24, r24
     6bc:	88 0b       	sbc	r24, r24
     6be:	89 21       	and	r24, r9
     6c0:	89 83       	std	Y+1, r24	; 0x01
			else state_now = 0;

		}
		
		//------------ Convert to Bitstream -----------------
		if (signal_available)
     6c2:	8d 81       	ldd	r24, Y+5	; 0x05
     6c4:	88 23       	and	r24, r24
     6c6:	09 f4       	brne	.+2      	; 0x6ca <__LOCK_REGION_LENGTH__+0x2ca>
     6c8:	43 c2       	rjmp	.+1158   	; 0xb50 <__LOCK_REGION_LENGTH__+0x750>
			static uint8_t next_bit = 0;
			static uint8_t stable_counter = 0;
			
			signal_available = false;
			
			if(state_now) led_on(led_state_now);
     6ca:	a3 01       	movw	r20, r6
     6cc:	92 01       	movw	r18, r4
     6ce:	c7 01       	movw	r24, r14
     6d0:	b6 01       	movw	r22, r12
     6d2:	08 d5       	rcall	.+2576   	; 0x10e4 <__cmpsf2>
     6d4:	88 23       	and	r24, r24
     6d6:	14 f4       	brge	.+4      	; 0x6dc <__LOCK_REGION_LENGTH__+0x2dc>
//----------LED UTILITY---------------	

inline void led_on(uint8_t led_num){
	switch(led_num){
		case 0x0:
			LED1_PORT &= ~(LED1_OFFSET);
     6d8:	c0 98       	cbi	0x18, 0	; 24
     6da:	01 c0       	rjmp	.+2      	; 0x6de <__LOCK_REGION_LENGTH__+0x2de>


inline void led_off(uint8_t led_num){
	switch(led_num){
		case 0x0:
			LED1_PORT |= (LED1_OFFSET);
     6dc:	c0 9a       	sbi	0x18, 0	; 24
			
			if(state_now) led_on(led_state_now);
			else led_off(led_state_now);

			//detect bit on edge
			if (state_now != state_prev) 
     6de:	99 81       	ldd	r25, Y+1	; 0x01
     6e0:	eb 81       	ldd	r30, Y+3	; 0x03
     6e2:	9e 17       	cp	r25, r30
     6e4:	e9 f0       	breq	.+58     	; 0x720 <__LOCK_REGION_LENGTH__+0x320>
			{
				if(stablewhen0 != 0){
     6e6:	80 91 60 00 	lds	r24, 0x0060	; 0x800060 <__DATA_REGION_ORIGIN__>
     6ea:	88 23       	and	r24, r24
     6ec:	29 f0       	breq	.+10     	; 0x6f8 <__LOCK_REGION_LENGTH__+0x2f8>
					stablewhen0--;
     6ee:	81 50       	subi	r24, 0x01	; 1
     6f0:	80 93 60 00 	sts	0x0060, r24	; 0x800060 <__DATA_REGION_ORIGIN__>
	switch(led_num){
		case 0x0:
			LED1_PORT |= (LED1_OFFSET);
			break;
		case 0x1:
			LED2_PORT |= (LED2_OFFSET);
     6f4:	c1 9a       	sbi	0x18, 1	; 24
     6f6:	01 c0       	rjmp	.+2      	; 0x6fa <__LOCK_REGION_LENGTH__+0x2fa>
	switch(led_num){
		case 0x0:
			LED1_PORT &= ~(LED1_OFFSET);
			break;
		case 0x1:
			LED2_PORT &= ~(LED2_OFFSET);
     6f8:	c1 98       	cbi	0x18, 1	; 24
				}
				else led_on(led_signal_steady);
				
				state_prev = state_now;
				//write the first bit
				rx = (rx << 1) | state_now;  //load next bit
     6fa:	8a 81       	ldd	r24, Y+2	; 0x02
     6fc:	88 0f       	add	r24, r24
     6fe:	f9 81       	ldd	r31, Y+1	; 0x01
     700:	f8 2b       	or	r31, r24
     702:	fa 83       	std	Y+2, r31	; 0x02
				newbit_available = true;
				next_bit = period + halfperiod + 1;
     704:	2d e0       	ldi	r18, 0x0D	; 13
     706:	20 93 a5 00 	sts	0x00A5, r18	; 0x8000a5 <_ZZ12user_programvE8next_bit>
				bit_count = 1;
     70a:	90 92 a4 00 	sts	0x00A4, r9	; 0x8000a4 <_ZZ12user_programvE9bit_count>
				width = 1;
     70e:	90 92 a3 00 	sts	0x00A3, r9	; 0x8000a3 <_ZZ12user_programvE5width>
				stable_counter++;
     712:	80 91 a2 00 	lds	r24, 0x00A2	; 0x8000a2 <_ZZ12user_programvE14stable_counter>
     716:	8f 5f       	subi	r24, 0xFF	; 255
     718:	80 93 a2 00 	sts	0x00A2, r24	; 0x8000a2 <_ZZ12user_programvE14stable_counter>
				else led_on(led_signal_steady);
				
				state_prev = state_now;
				//write the first bit
				rx = (rx << 1) | state_now;  //load next bit
				newbit_available = true;
     71c:	99 2d       	mov	r25, r9
     71e:	18 c0       	rjmp	.+48     	; 0x750 <__LOCK_REGION_LENGTH__+0x350>
				width = 1;
				stable_counter++;
			}

			//detect bit on center
			else if (width == next_bit) 
     720:	80 91 a3 00 	lds	r24, 0x00A3	; 0x8000a3 <_ZZ12user_programvE5width>
     724:	90 91 a5 00 	lds	r25, 0x00A5	; 0x8000a5 <_ZZ12user_programvE8next_bit>
     728:	89 13       	cpse	r24, r25
     72a:	11 c0       	rjmp	.+34     	; 0x74e <__LOCK_REGION_LENGTH__+0x34e>
			{
				rx = (rx << 1) | state_now;  //load next bit
     72c:	9a 81       	ldd	r25, Y+2	; 0x02
     72e:	99 0f       	add	r25, r25
     730:	39 81       	ldd	r19, Y+1	; 0x01
     732:	39 2b       	or	r19, r25
     734:	3a 83       	std	Y+2, r19	; 0x02
				newbit_available = true;
				next_bit += period;
     736:	88 5f       	subi	r24, 0xF8	; 248
     738:	80 93 a5 00 	sts	0x00A5, r24	; 0x8000a5 <_ZZ12user_programvE8next_bit>
				bit_count++;
     73c:	80 91 a4 00 	lds	r24, 0x00A4	; 0x8000a4 <_ZZ12user_programvE9bit_count>
     740:	8f 5f       	subi	r24, 0xFF	; 255
     742:	80 93 a4 00 	sts	0x00A4, r24	; 0x8000a4 <_ZZ12user_programvE9bit_count>
				stable_counter = 0;
     746:	10 92 a2 00 	sts	0x00A2, r1	; 0x8000a2 <_ZZ12user_programvE14stable_counter>

			//detect bit on center
			else if (width == next_bit) 
			{
				rx = (rx << 1) | state_now;  //load next bit
				newbit_available = true;
     74a:	99 2d       	mov	r25, r9
     74c:	01 c0       	rjmp	.+2      	; 0x750 <__LOCK_REGION_LENGTH__+0x350>
     74e:	90 e0       	ldi	r25, 0x00	; 0
				next_bit += period;
				bit_count++;
				stable_counter = 0;
			}
			width++;
     750:	80 91 a3 00 	lds	r24, 0x00A3	; 0x8000a3 <_ZZ12user_programvE5width>
     754:	8f 5f       	subi	r24, 0xFF	; 255
     756:	80 93 a3 00 	sts	0x00A3, r24	; 0x8000a3 <_ZZ12user_programvE5width>
				stablewhen0 = 10;
				signal_available = false;
			}
			
			//convert analog signal to boolean
			if (data_smooth < midline) state_now = 1;  //invert the reading
     75a:	89 81       	ldd	r24, Y+1	; 0x01
     75c:	8b 83       	std	Y+3, r24	; 0x03
     75e:	20 e0       	ldi	r18, 0x00	; 0
     760:	01 c0       	rjmp	.+2      	; 0x764 <__LOCK_REGION_LENGTH__+0x364>
     762:	90 e0       	ldi	r25, 0x00	; 0
			}
			width++;
		}
		
		//------------ Process Bitstream -----------------
		if (newbit_available) 
     764:	99 23       	and	r25, r25
     766:	09 f4       	brne	.+2      	; 0x76a <__LOCK_REGION_LENGTH__+0x36a>
     768:	4a ce       	rjmp	.-876    	; 0x3fe <_Z12user_programv+0x54>
		{			
			newbit_available = false;
			
			//start flag detected
			if(stablewhen0 != 0){
     76a:	80 91 60 00 	lds	r24, 0x0060	; 0x800060 <__DATA_REGION_ORIGIN__>
     76e:	88 23       	and	r24, r24
     770:	19 f0       	breq	.+6      	; 0x778 <__LOCK_REGION_LENGTH__+0x378>
	switch(led_num){
		case 0x0:
			LED1_PORT |= (LED1_OFFSET);
			break;
		case 0x1:
			LED2_PORT |= (LED2_OFFSET);
     772:	c1 9a       	sbi	0x18, 1	; 24
		{			
			newbit_available = false;
			
			//start flag detected
			if(stablewhen0 != 0){
				 rx = 0b0;  //clear RX
     774:	1a 82       	std	Y+2, r1	; 0x02
     776:	43 ce       	rjmp	.-890    	; 0x3fe <_Z12user_programv+0x54>
				 led_off(led_signal_steady);
			}
			else if ((!data_incoming) && (rx & (0b1111)) == START_FLAG ) 
     778:	9c 81       	ldd	r25, Y+4	; 0x04
     77a:	91 11       	cpse	r25, r1
     77c:	0b c0       	rjmp	.+22     	; 0x794 <__LOCK_REGION_LENGTH__+0x394>
     77e:	8a 81       	ldd	r24, Y+2	; 0x02
     780:	8f 70       	andi	r24, 0x0F	; 15
     782:	8e 30       	cpi	r24, 0x0E	; 14
     784:	09 f0       	breq	.+2      	; 0x788 <__LOCK_REGION_LENGTH__+0x388>
     786:	3b ce       	rjmp	.-906    	; 0x3fe <_Z12user_programv+0x54>
			{
				data_incoming = true;
				rx = 0b0;  //clear RX
				data_buf[0] = 0b0;
     788:	ef ed       	ldi	r30, 0xDF	; 223
     78a:	f0 e0       	ldi	r31, 0x00	; 0
     78c:	10 82       	st	Z, r1
				 rx = 0b0;  //clear RX
				 led_off(led_signal_steady);
			}
			else if ((!data_incoming) && (rx & (0b1111)) == START_FLAG ) 
			{
				data_incoming = true;
     78e:	9c 82       	std	Y+4, r9	; 0x04
				rx = 0b0;  //clear RX
     790:	1a 82       	std	Y+2, r1	; 0x02
				data_buf[0] = 0b0;
     792:	35 ce       	rjmp	.-918    	; 0x3fe <_Z12user_programv+0x54>
			else if (data_incoming) 
			{
				static uint8_t current_bit = 0;
				static uint8_t current_byte = 0;
				
				data_buf[current_byte] |= (state_now << current_bit);
     794:	f0 91 a1 00 	lds	r31, 0x00A1	; 0x8000a1 <_ZZ12user_programvE12current_byte>
     798:	fd 83       	std	Y+5, r31	; 0x05
     79a:	ef 2f       	mov	r30, r31
     79c:	f0 e0       	ldi	r31, 0x00	; 0
     79e:	30 91 a0 00 	lds	r19, 0x00A0	; 0x8000a0 <__data_end>
     7a2:	df 01       	movw	r26, r30
     7a4:	a1 52       	subi	r26, 0x21	; 33
     7a6:	bf 4f       	sbci	r27, 0xFF	; 255
     7a8:	89 81       	ldd	r24, Y+1	; 0x01
     7aa:	48 2f       	mov	r20, r24
     7ac:	50 e0       	ldi	r21, 0x00	; 0
     7ae:	03 2e       	mov	r0, r19
     7b0:	02 c0       	rjmp	.+4      	; 0x7b6 <__LOCK_REGION_LENGTH__+0x3b6>
     7b2:	44 0f       	add	r20, r20
     7b4:	55 1f       	adc	r21, r21
     7b6:	0a 94       	dec	r0
     7b8:	e2 f7       	brpl	.-8      	; 0x7b2 <__LOCK_REGION_LENGTH__+0x3b2>
     7ba:	8c 91       	ld	r24, X
     7bc:	48 2b       	or	r20, r24
     7be:	4c 93       	st	X, r20

				current_bit++;
     7c0:	3f 5f       	subi	r19, 0xFF	; 255
     7c2:	30 93 a0 00 	sts	0x00A0, r19	; 0x8000a0 <__data_end>

				if (current_bit > 5) {
     7c6:	36 30       	cpi	r19, 0x06	; 6
     7c8:	08 f4       	brcc	.+2      	; 0x7cc <__LOCK_REGION_LENGTH__+0x3cc>
     7ca:	19 ce       	rjmp	.-974    	; 0x3fe <_Z12user_programv+0x54>
					//if 5th bit is 0, data is over, or read is corrupted
					if (!(rx & 0b1)) {
     7cc:	9a 81       	ldd	r25, Y+2	; 0x02
     7ce:	90 fd       	sbrc	r25, 0
     7d0:	f4 c0       	rjmp	.+488    	; 0x9ba <__LOCK_REGION_LENGTH__+0x5ba>
						data_incoming = false;
						seekData = false;						
						total_bytes = current_byte;
						
						// not a full frame detected
						if ((current_byte + 1) % FRAME_WIDTH != 0) {
     7d2:	31 96       	adiw	r30, 0x01	; 1
     7d4:	cf 01       	movw	r24, r30
     7d6:	66 e0       	ldi	r22, 0x06	; 6
     7d8:	70 e0       	ldi	r23, 0x00	; 0
     7da:	d5 d5       	rcall	.+2986   	; 0x1386 <__divmodhi4>
     7dc:	89 2b       	or	r24, r25
     7de:	09 f4       	brne	.+2      	; 0x7e2 <__LOCK_REGION_LENGTH__+0x3e2>
     7e0:	49 c0       	rjmp	.+146    	; 0x874 <__LOCK_REGION_LENGTH__+0x474>
     7e2:	02 c0       	rjmp	.+4      	; 0x7e8 <__LOCK_REGION_LENGTH__+0x3e8>
     7e4:	9f 5f       	subi	r25, 0xFF	; 255
     7e6:	01 c0       	rjmp	.+2      	; 0x7ea <__LOCK_REGION_LENGTH__+0x3ea>
     7e8:	91 e0       	ldi	r25, 0x01	; 1
	//*((uint8_t*)pgm_read_word_near(LED_PORTS + led_num)) =  *((uint8_t*)pgm_read_word_near(LED_PORTS + led_num)) | LED_OFFSETS[led_num];
}


inline void led_off(uint8_t led_num){
	switch(led_num){
     7ea:	8f ef       	ldi	r24, 0xFF	; 255
     7ec:	89 0f       	add	r24, r25
     7ee:	82 30       	cpi	r24, 0x02	; 2
     7f0:	79 f0       	breq	.+30     	; 0x810 <__LOCK_REGION_LENGTH__+0x410>
     7f2:	28 f4       	brcc	.+10     	; 0x7fe <__LOCK_REGION_LENGTH__+0x3fe>
     7f4:	88 23       	and	r24, r24
     7f6:	41 f0       	breq	.+16     	; 0x808 <__LOCK_REGION_LENGTH__+0x408>
     7f8:	81 30       	cpi	r24, 0x01	; 1
     7fa:	41 f0       	breq	.+16     	; 0x80c <__LOCK_REGION_LENGTH__+0x40c>
     7fc:	0f c0       	rjmp	.+30     	; 0x81c <__LOCK_REGION_LENGTH__+0x41c>
     7fe:	83 30       	cpi	r24, 0x03	; 3
     800:	49 f0       	breq	.+18     	; 0x814 <__LOCK_REGION_LENGTH__+0x414>
     802:	84 30       	cpi	r24, 0x04	; 4
     804:	49 f0       	breq	.+18     	; 0x818 <__LOCK_REGION_LENGTH__+0x418>
     806:	0a c0       	rjmp	.+20     	; 0x81c <__LOCK_REGION_LENGTH__+0x41c>
		case 0x0:
			LED1_PORT |= (LED1_OFFSET);
     808:	c0 9a       	sbi	0x18, 0	; 24
     80a:	ec cf       	rjmp	.-40     	; 0x7e4 <__LOCK_REGION_LENGTH__+0x3e4>
			break;
		case 0x1:
			LED2_PORT |= (LED2_OFFSET);
     80c:	c1 9a       	sbi	0x18, 1	; 24
     80e:	ea cf       	rjmp	.-44     	; 0x7e4 <__LOCK_REGION_LENGTH__+0x3e4>
			break;
		case 0x2:
			LED3_PORT |= (LED3_OFFSET);
     810:	c2 9a       	sbi	0x18, 2	; 24
     812:	e8 cf       	rjmp	.-48     	; 0x7e4 <__LOCK_REGION_LENGTH__+0x3e4>
			break;
		case 0x3:
			LED4_PORT |= (LED4_OFFSET);
     814:	c3 9a       	sbi	0x18, 3	; 24
     816:	e6 cf       	rjmp	.-52     	; 0x7e4 <__LOCK_REGION_LENGTH__+0x3e4>
			break;
		case 0x4:
			LED5_PORT |= (LED5_OFFSET);
     818:	c4 9a       	sbi	0x18, 4	; 24
     81a:	02 c0       	rjmp	.+4      	; 0x820 <__LOCK_REGION_LENGTH__+0x420>
	}
	//*((uint8_t*)pgm_read_word_near(LED_PORTS + led_num)) = *((uint8_t*)pgm_read_word_near(LED_PORTS + led_num)) & ~(LED_OFFSETS[led_num]);
}

inline void all_off(void){
	for(uint8_t i = 0; i < NUM_LEDS; i++){
     81c:	95 30       	cpi	r25, 0x05	; 5
     81e:	10 f3       	brcs	.-60     	; 0x7e4 <__LOCK_REGION_LENGTH__+0x3e4>
}

inline void led_error(uint8_t led_num){
	all_off();
	//for(uint8_t i = 0; i < 5; i++){
	if(run_mode != 2) return;
     820:	80 91 d9 00 	lds	r24, 0x00D9	; 0x8000d9 <run_mode>
     824:	82 30       	cpi	r24, 0x02	; 2
     826:	09 f0       	breq	.+2      	; 0x82a <__LOCK_REGION_LENGTH__+0x42a>
     828:	bc c0       	rjmp	.+376    	; 0x9a2 <__LOCK_REGION_LENGTH__+0x5a2>
//----------LED UTILITY---------------	

inline void led_on(uint8_t led_num){
	switch(led_num){
		case 0x0:
			LED1_PORT &= ~(LED1_OFFSET);
     82a:	c0 98       	cbi	0x18, 0	; 24
	switch(led_num){
		case 0x0:
			LED1_PORT |= (LED1_OFFSET);
			break;
		case 0x1:
			LED2_PORT |= (LED2_OFFSET);
     82c:	c1 9a       	sbi	0x18, 1	; 24
	#else
		//round up by default
		__ticks_dc = (uint32_t)(ceil(fabs(__tmp)));
	#endif

	__builtin_avr_delay_cycles(__ticks_dc);
     82e:	ff ef       	ldi	r31, 0xFF	; 255
     830:	30 e7       	ldi	r19, 0x70	; 112
     832:	82 e0       	ldi	r24, 0x02	; 2
     834:	f1 50       	subi	r31, 0x01	; 1
     836:	30 40       	sbci	r19, 0x00	; 0
     838:	80 40       	sbci	r24, 0x00	; 0
     83a:	e1 f7       	brne	.-8      	; 0x834 <__LOCK_REGION_LENGTH__+0x434>
     83c:	00 c0       	rjmp	.+0      	; 0x83e <__LOCK_REGION_LENGTH__+0x43e>
     83e:	00 00       	nop


inline void led_off(uint8_t led_num){
	switch(led_num){
		case 0x0:
			LED1_PORT |= (LED1_OFFSET);
     840:	c0 9a       	sbi	0x18, 0	; 24
	switch(led_num){
		case 0x0:
			LED1_PORT &= ~(LED1_OFFSET);
			break;
		case 0x1:
			LED2_PORT &= ~(LED2_OFFSET);
     842:	c1 98       	cbi	0x18, 1	; 24
     844:	9f ef       	ldi	r25, 0xFF	; 255
     846:	e0 e7       	ldi	r30, 0x70	; 112
     848:	f2 e0       	ldi	r31, 0x02	; 2
     84a:	91 50       	subi	r25, 0x01	; 1
     84c:	e0 40       	sbci	r30, 0x00	; 0
     84e:	f0 40       	sbci	r31, 0x00	; 0
     850:	e1 f7       	brne	.-8      	; 0x84a <__LOCK_REGION_LENGTH__+0x44a>
     852:	00 c0       	rjmp	.+0      	; 0x854 <__LOCK_REGION_LENGTH__+0x454>
     854:	00 00       	nop
//----------LED UTILITY---------------	

inline void led_on(uint8_t led_num){
	switch(led_num){
		case 0x0:
			LED1_PORT &= ~(LED1_OFFSET);
     856:	c0 98       	cbi	0x18, 0	; 24
	switch(led_num){
		case 0x0:
			LED1_PORT |= (LED1_OFFSET);
			break;
		case 0x1:
			LED2_PORT |= (LED2_OFFSET);
     858:	c1 9a       	sbi	0x18, 1	; 24
     85a:	3f ef       	ldi	r19, 0xFF	; 255
     85c:	80 e7       	ldi	r24, 0x70	; 112
     85e:	92 e0       	ldi	r25, 0x02	; 2
     860:	31 50       	subi	r19, 0x01	; 1
     862:	80 40       	sbci	r24, 0x00	; 0
     864:	90 40       	sbci	r25, 0x00	; 0
     866:	e1 f7       	brne	.-8      	; 0x860 <__LOCK_REGION_LENGTH__+0x460>
     868:	00 c0       	rjmp	.+0      	; 0x86a <__LOCK_REGION_LENGTH__+0x46a>
     86a:	00 00       	nop


inline void led_off(uint8_t led_num){
	switch(led_num){
		case 0x0:
			LED1_PORT |= (LED1_OFFSET);
     86c:	c0 9a       	sbi	0x18, 0	; 24
			break;
		case 0x1:
			LED2_PORT |= (LED2_OFFSET);
     86e:	c1 9a       	sbi	0x18, 1	; 24
						total_bytes = current_byte;
						
						// not a full frame detected
						if ((current_byte + 1) % FRAME_WIDTH != 0) {
							led_error(0);
							seekData = true;
     870:	89 2d       	mov	r24, r9
     872:	9c c0       	rjmp	.+312    	; 0x9ac <__LOCK_REGION_LENGTH__+0x5ac>
						} 
						// didn't end on a full vertical line (minus the stop bit)
						else if (current_bit != 6) {
     874:	36 30       	cpi	r19, 0x06	; 6
     876:	19 f4       	brne	.+6      	; 0x87e <__LOCK_REGION_LENGTH__+0x47e>
     878:	48 c0       	rjmp	.+144    	; 0x90a <__LOCK_REGION_LENGTH__+0x50a>
     87a:	9f 5f       	subi	r25, 0xFF	; 255
     87c:	01 c0       	rjmp	.+2      	; 0x880 <__LOCK_REGION_LENGTH__+0x480>
     87e:	91 e0       	ldi	r25, 0x01	; 1
	//*((uint8_t*)pgm_read_word_near(LED_PORTS + led_num)) =  *((uint8_t*)pgm_read_word_near(LED_PORTS + led_num)) | LED_OFFSETS[led_num];
}


inline void led_off(uint8_t led_num){
	switch(led_num){
     880:	8f ef       	ldi	r24, 0xFF	; 255
     882:	89 0f       	add	r24, r25
     884:	82 30       	cpi	r24, 0x02	; 2
     886:	79 f0       	breq	.+30     	; 0x8a6 <__LOCK_REGION_LENGTH__+0x4a6>
     888:	28 f4       	brcc	.+10     	; 0x894 <__LOCK_REGION_LENGTH__+0x494>
     88a:	88 23       	and	r24, r24
     88c:	41 f0       	breq	.+16     	; 0x89e <__LOCK_REGION_LENGTH__+0x49e>
     88e:	81 30       	cpi	r24, 0x01	; 1
     890:	41 f0       	breq	.+16     	; 0x8a2 <__LOCK_REGION_LENGTH__+0x4a2>
     892:	0f c0       	rjmp	.+30     	; 0x8b2 <__LOCK_REGION_LENGTH__+0x4b2>
     894:	83 30       	cpi	r24, 0x03	; 3
     896:	49 f0       	breq	.+18     	; 0x8aa <__LOCK_REGION_LENGTH__+0x4aa>
     898:	84 30       	cpi	r24, 0x04	; 4
     89a:	49 f0       	breq	.+18     	; 0x8ae <__LOCK_REGION_LENGTH__+0x4ae>
     89c:	0a c0       	rjmp	.+20     	; 0x8b2 <__LOCK_REGION_LENGTH__+0x4b2>
		case 0x0:
			LED1_PORT |= (LED1_OFFSET);
     89e:	c0 9a       	sbi	0x18, 0	; 24
     8a0:	ec cf       	rjmp	.-40     	; 0x87a <__LOCK_REGION_LENGTH__+0x47a>
			break;
		case 0x1:
			LED2_PORT |= (LED2_OFFSET);
     8a2:	c1 9a       	sbi	0x18, 1	; 24
     8a4:	ea cf       	rjmp	.-44     	; 0x87a <__LOCK_REGION_LENGTH__+0x47a>
			break;
		case 0x2:
			LED3_PORT |= (LED3_OFFSET);
     8a6:	c2 9a       	sbi	0x18, 2	; 24
     8a8:	e8 cf       	rjmp	.-48     	; 0x87a <__LOCK_REGION_LENGTH__+0x47a>
			break;
		case 0x3:
			LED4_PORT |= (LED4_OFFSET);
     8aa:	c3 9a       	sbi	0x18, 3	; 24
     8ac:	e6 cf       	rjmp	.-52     	; 0x87a <__LOCK_REGION_LENGTH__+0x47a>
			break;
		case 0x4:
			LED5_PORT |= (LED5_OFFSET);
     8ae:	c4 9a       	sbi	0x18, 4	; 24
     8b0:	02 c0       	rjmp	.+4      	; 0x8b6 <__LOCK_REGION_LENGTH__+0x4b6>
	}
	//*((uint8_t*)pgm_read_word_near(LED_PORTS + led_num)) = *((uint8_t*)pgm_read_word_near(LED_PORTS + led_num)) & ~(LED_OFFSETS[led_num]);
}

inline void all_off(void){
	for(uint8_t i = 0; i < NUM_LEDS; i++){
     8b2:	95 30       	cpi	r25, 0x05	; 5
     8b4:	10 f3       	brcs	.-60     	; 0x87a <__LOCK_REGION_LENGTH__+0x47a>
}

inline void led_error(uint8_t led_num){
	all_off();
	//for(uint8_t i = 0; i < 5; i++){
	if(run_mode != 2) return;
     8b6:	80 91 d9 00 	lds	r24, 0x00D9	; 0x8000d9 <run_mode>
     8ba:	82 30       	cpi	r24, 0x02	; 2
     8bc:	09 f0       	breq	.+2      	; 0x8c0 <__LOCK_REGION_LENGTH__+0x4c0>
     8be:	73 c0       	rjmp	.+230    	; 0x9a6 <__LOCK_REGION_LENGTH__+0x5a6>
//----------LED UTILITY---------------	

inline void led_on(uint8_t led_num){
	switch(led_num){
		case 0x0:
			LED1_PORT &= ~(LED1_OFFSET);
     8c0:	c0 98       	cbi	0x18, 0	; 24
	switch(led_num){
		case 0x0:
			LED1_PORT |= (LED1_OFFSET);
			break;
		case 0x1:
			LED2_PORT |= (LED2_OFFSET);
     8c2:	c1 9a       	sbi	0x18, 1	; 24
     8c4:	ff ef       	ldi	r31, 0xFF	; 255
     8c6:	30 e7       	ldi	r19, 0x70	; 112
     8c8:	82 e0       	ldi	r24, 0x02	; 2
     8ca:	f1 50       	subi	r31, 0x01	; 1
     8cc:	30 40       	sbci	r19, 0x00	; 0
     8ce:	80 40       	sbci	r24, 0x00	; 0
     8d0:	e1 f7       	brne	.-8      	; 0x8ca <__LOCK_REGION_LENGTH__+0x4ca>
     8d2:	00 c0       	rjmp	.+0      	; 0x8d4 <__LOCK_REGION_LENGTH__+0x4d4>
     8d4:	00 00       	nop


inline void led_off(uint8_t led_num){
	switch(led_num){
		case 0x0:
			LED1_PORT |= (LED1_OFFSET);
     8d6:	c0 9a       	sbi	0x18, 0	; 24
	switch(led_num){
		case 0x0:
			LED1_PORT &= ~(LED1_OFFSET);
			break;
		case 0x1:
			LED2_PORT &= ~(LED2_OFFSET);
     8d8:	c1 98       	cbi	0x18, 1	; 24
     8da:	9f ef       	ldi	r25, 0xFF	; 255
     8dc:	e0 e7       	ldi	r30, 0x70	; 112
     8de:	f2 e0       	ldi	r31, 0x02	; 2
     8e0:	91 50       	subi	r25, 0x01	; 1
     8e2:	e0 40       	sbci	r30, 0x00	; 0
     8e4:	f0 40       	sbci	r31, 0x00	; 0
     8e6:	e1 f7       	brne	.-8      	; 0x8e0 <__LOCK_REGION_LENGTH__+0x4e0>
     8e8:	00 c0       	rjmp	.+0      	; 0x8ea <__LOCK_REGION_LENGTH__+0x4ea>
     8ea:	00 00       	nop
//----------LED UTILITY---------------	

inline void led_on(uint8_t led_num){
	switch(led_num){
		case 0x0:
			LED1_PORT &= ~(LED1_OFFSET);
     8ec:	c0 98       	cbi	0x18, 0	; 24
	switch(led_num){
		case 0x0:
			LED1_PORT |= (LED1_OFFSET);
			break;
		case 0x1:
			LED2_PORT |= (LED2_OFFSET);
     8ee:	c1 9a       	sbi	0x18, 1	; 24
     8f0:	3f ef       	ldi	r19, 0xFF	; 255
     8f2:	80 e7       	ldi	r24, 0x70	; 112
     8f4:	92 e0       	ldi	r25, 0x02	; 2
     8f6:	31 50       	subi	r19, 0x01	; 1
     8f8:	80 40       	sbci	r24, 0x00	; 0
     8fa:	90 40       	sbci	r25, 0x00	; 0
     8fc:	e1 f7       	brne	.-8      	; 0x8f6 <__LOCK_REGION_LENGTH__+0x4f6>
     8fe:	00 c0       	rjmp	.+0      	; 0x900 <__LOCK_REGION_LENGTH__+0x500>
     900:	00 00       	nop


inline void led_off(uint8_t led_num){
	switch(led_num){
		case 0x0:
			LED1_PORT |= (LED1_OFFSET);
     902:	c0 9a       	sbi	0x18, 0	; 24
			break;
		case 0x1:
			LED2_PORT |= (LED2_OFFSET);
     904:	c1 9a       	sbi	0x18, 1	; 24
							seekData = true;
						} 
						// didn't end on a full vertical line (minus the stop bit)
						else if (current_bit != 6) {
							led_error(0);
							seekData = true;
     906:	89 2d       	mov	r24, r9
     908:	51 c0       	rjmp	.+162    	; 0x9ac <__LOCK_REGION_LENGTH__+0x5ac>
						} 
						// too many frames
						else if ((current_byte + 1) / FRAME_WIDTH > MAX_FRAMES) {
     90a:	e6 39       	cpi	r30, 0x96	; 150
     90c:	f1 05       	cpc	r31, r1
     90e:	24 f4       	brge	.+8      	; 0x918 <__LOCK_REGION_LENGTH__+0x518>
				if (current_bit > 5) {
					//if 5th bit is 0, data is over, or read is corrupted
					if (!(rx & 0b1)) {
						//data read is finished, or data is corrupted
						data_incoming = false;
						seekData = false;						
     910:	80 e0       	ldi	r24, 0x00	; 0
     912:	4c c0       	rjmp	.+152    	; 0x9ac <__LOCK_REGION_LENGTH__+0x5ac>
     914:	9f 5f       	subi	r25, 0xFF	; 255
     916:	01 c0       	rjmp	.+2      	; 0x91a <__LOCK_REGION_LENGTH__+0x51a>
     918:	91 e0       	ldi	r25, 0x01	; 1
	//*((uint8_t*)pgm_read_word_near(LED_PORTS + led_num)) =  *((uint8_t*)pgm_read_word_near(LED_PORTS + led_num)) | LED_OFFSETS[led_num];
}


inline void led_off(uint8_t led_num){
	switch(led_num){
     91a:	8f ef       	ldi	r24, 0xFF	; 255
     91c:	89 0f       	add	r24, r25
     91e:	82 30       	cpi	r24, 0x02	; 2
     920:	79 f0       	breq	.+30     	; 0x940 <__LOCK_REGION_LENGTH__+0x540>
     922:	28 f4       	brcc	.+10     	; 0x92e <__LOCK_REGION_LENGTH__+0x52e>
     924:	88 23       	and	r24, r24
     926:	41 f0       	breq	.+16     	; 0x938 <__LOCK_REGION_LENGTH__+0x538>
     928:	81 30       	cpi	r24, 0x01	; 1
     92a:	41 f0       	breq	.+16     	; 0x93c <__LOCK_REGION_LENGTH__+0x53c>
     92c:	0f c0       	rjmp	.+30     	; 0x94c <__LOCK_REGION_LENGTH__+0x54c>
     92e:	83 30       	cpi	r24, 0x03	; 3
     930:	49 f0       	breq	.+18     	; 0x944 <__LOCK_REGION_LENGTH__+0x544>
     932:	84 30       	cpi	r24, 0x04	; 4
     934:	49 f0       	breq	.+18     	; 0x948 <__LOCK_REGION_LENGTH__+0x548>
     936:	0a c0       	rjmp	.+20     	; 0x94c <__LOCK_REGION_LENGTH__+0x54c>
		case 0x0:
			LED1_PORT |= (LED1_OFFSET);
     938:	c0 9a       	sbi	0x18, 0	; 24
     93a:	ec cf       	rjmp	.-40     	; 0x914 <__LOCK_REGION_LENGTH__+0x514>
			break;
		case 0x1:
			LED2_PORT |= (LED2_OFFSET);
     93c:	c1 9a       	sbi	0x18, 1	; 24
     93e:	ea cf       	rjmp	.-44     	; 0x914 <__LOCK_REGION_LENGTH__+0x514>
			break;
		case 0x2:
			LED3_PORT |= (LED3_OFFSET);
     940:	c2 9a       	sbi	0x18, 2	; 24
     942:	e8 cf       	rjmp	.-48     	; 0x914 <__LOCK_REGION_LENGTH__+0x514>
			break;
		case 0x3:
			LED4_PORT |= (LED4_OFFSET);
     944:	c3 9a       	sbi	0x18, 3	; 24
     946:	e6 cf       	rjmp	.-52     	; 0x914 <__LOCK_REGION_LENGTH__+0x514>
			break;
		case 0x4:
			LED5_PORT |= (LED5_OFFSET);
     948:	c4 9a       	sbi	0x18, 4	; 24
     94a:	02 c0       	rjmp	.+4      	; 0x950 <__LOCK_REGION_LENGTH__+0x550>
	}
	//*((uint8_t*)pgm_read_word_near(LED_PORTS + led_num)) = *((uint8_t*)pgm_read_word_near(LED_PORTS + led_num)) & ~(LED_OFFSETS[led_num]);
}

inline void all_off(void){
	for(uint8_t i = 0; i < NUM_LEDS; i++){
     94c:	95 30       	cpi	r25, 0x05	; 5
     94e:	10 f3       	brcs	.-60     	; 0x914 <__LOCK_REGION_LENGTH__+0x514>
}

inline void led_error(uint8_t led_num){
	all_off();
	//for(uint8_t i = 0; i < 5; i++){
	if(run_mode != 2) return;
     950:	80 91 d9 00 	lds	r24, 0x00D9	; 0x8000d9 <run_mode>
     954:	82 30       	cpi	r24, 0x02	; 2
     956:	49 f5       	brne	.+82     	; 0x9aa <__LOCK_REGION_LENGTH__+0x5aa>
//----------LED UTILITY---------------	

inline void led_on(uint8_t led_num){
	switch(led_num){
		case 0x0:
			LED1_PORT &= ~(LED1_OFFSET);
     958:	c0 98       	cbi	0x18, 0	; 24
	switch(led_num){
		case 0x0:
			LED1_PORT |= (LED1_OFFSET);
			break;
		case 0x1:
			LED2_PORT |= (LED2_OFFSET);
     95a:	c1 9a       	sbi	0x18, 1	; 24
     95c:	ff ef       	ldi	r31, 0xFF	; 255
     95e:	30 e7       	ldi	r19, 0x70	; 112
     960:	82 e0       	ldi	r24, 0x02	; 2
     962:	f1 50       	subi	r31, 0x01	; 1
     964:	30 40       	sbci	r19, 0x00	; 0
     966:	80 40       	sbci	r24, 0x00	; 0
     968:	e1 f7       	brne	.-8      	; 0x962 <__LOCK_REGION_LENGTH__+0x562>
     96a:	00 c0       	rjmp	.+0      	; 0x96c <__LOCK_REGION_LENGTH__+0x56c>
     96c:	00 00       	nop


inline void led_off(uint8_t led_num){
	switch(led_num){
		case 0x0:
			LED1_PORT |= (LED1_OFFSET);
     96e:	c0 9a       	sbi	0x18, 0	; 24
	switch(led_num){
		case 0x0:
			LED1_PORT &= ~(LED1_OFFSET);
			break;
		case 0x1:
			LED2_PORT &= ~(LED2_OFFSET);
     970:	c1 98       	cbi	0x18, 1	; 24
     972:	9f ef       	ldi	r25, 0xFF	; 255
     974:	e0 e7       	ldi	r30, 0x70	; 112
     976:	f2 e0       	ldi	r31, 0x02	; 2
     978:	91 50       	subi	r25, 0x01	; 1
     97a:	e0 40       	sbci	r30, 0x00	; 0
     97c:	f0 40       	sbci	r31, 0x00	; 0
     97e:	e1 f7       	brne	.-8      	; 0x978 <__LOCK_REGION_LENGTH__+0x578>
     980:	00 c0       	rjmp	.+0      	; 0x982 <__LOCK_REGION_LENGTH__+0x582>
     982:	00 00       	nop
//----------LED UTILITY---------------	

inline void led_on(uint8_t led_num){
	switch(led_num){
		case 0x0:
			LED1_PORT &= ~(LED1_OFFSET);
     984:	c0 98       	cbi	0x18, 0	; 24
	switch(led_num){
		case 0x0:
			LED1_PORT |= (LED1_OFFSET);
			break;
		case 0x1:
			LED2_PORT |= (LED2_OFFSET);
     986:	c1 9a       	sbi	0x18, 1	; 24
     988:	3f ef       	ldi	r19, 0xFF	; 255
     98a:	80 e7       	ldi	r24, 0x70	; 112
     98c:	92 e0       	ldi	r25, 0x02	; 2
     98e:	31 50       	subi	r19, 0x01	; 1
     990:	80 40       	sbci	r24, 0x00	; 0
     992:	90 40       	sbci	r25, 0x00	; 0
     994:	e1 f7       	brne	.-8      	; 0x98e <__LOCK_REGION_LENGTH__+0x58e>
     996:	00 c0       	rjmp	.+0      	; 0x998 <__LOCK_REGION_LENGTH__+0x598>
     998:	00 00       	nop


inline void led_off(uint8_t led_num){
	switch(led_num){
		case 0x0:
			LED1_PORT |= (LED1_OFFSET);
     99a:	c0 9a       	sbi	0x18, 0	; 24
			break;
		case 0x1:
			LED2_PORT |= (LED2_OFFSET);
     99c:	c1 9a       	sbi	0x18, 1	; 24
							seekData = true;
						} 
						// too many frames
						else if ((current_byte + 1) / FRAME_WIDTH > MAX_FRAMES) {
							led_error(0);
							seekData = true;
     99e:	89 2d       	mov	r24, r9
     9a0:	05 c0       	rjmp	.+10     	; 0x9ac <__LOCK_REGION_LENGTH__+0x5ac>
						total_bytes = current_byte;
						
						// not a full frame detected
						if ((current_byte + 1) % FRAME_WIDTH != 0) {
							led_error(0);
							seekData = true;
     9a2:	89 2d       	mov	r24, r9
     9a4:	03 c0       	rjmp	.+6      	; 0x9ac <__LOCK_REGION_LENGTH__+0x5ac>
						} 
						// didn't end on a full vertical line (minus the stop bit)
						else if (current_bit != 6) {
							led_error(0);
							seekData = true;
     9a6:	89 2d       	mov	r24, r9
     9a8:	01 c0       	rjmp	.+2      	; 0x9ac <__LOCK_REGION_LENGTH__+0x5ac>
						} 
						// too many frames
						else if ((current_byte + 1) / FRAME_WIDTH > MAX_FRAMES) {
							led_error(0);
							seekData = true;
     9aa:	89 2d       	mov	r24, r9
						}
						
						//reset for new data transmission
						current_byte = 0;
     9ac:	10 92 a1 00 	sts	0x00A1, r1	; 0x8000a1 <_ZZ12user_programvE12current_byte>
						current_bit = 0;
     9b0:	10 92 a0 00 	sts	0x00A0, r1	; 0x8000a0 <__data_end>
	
	const uint8_t led_signal_steady = 1;
	const uint8_t led_state_now = 0;
	
	// ------------- Seek until successful transfer ------------------
	while(seekData)
     9b4:	88 23       	and	r24, r24
     9b6:	69 f0       	breq	.+26     	; 0x9d2 <__LOCK_REGION_LENGTH__+0x5d2>
     9b8:	21 cd       	rjmp	.-1470   	; 0x3fc <_Z12user_programv+0x52>
						current_bit = 0;
						
					}
					//finished reading column, move onto next byte
					else {
						current_byte++;
     9ba:	ed 81       	ldd	r30, Y+5	; 0x05
     9bc:	ef 5f       	subi	r30, 0xFF	; 255
     9be:	ed 83       	std	Y+5, r30	; 0x05
     9c0:	e0 93 a1 00 	sts	0x00A1, r30	; 0x8000a1 <_ZZ12user_programvE12current_byte>
						current_bit = 0;
     9c4:	10 92 a0 00 	sts	0x00A0, r1	; 0x8000a0 <__data_end>
						data_buf[current_byte] = 0b0;
     9c8:	f0 e0       	ldi	r31, 0x00	; 0
     9ca:	e1 52       	subi	r30, 0x21	; 33
     9cc:	ff 4f       	sbci	r31, 0xFF	; 255
     9ce:	10 82       	st	Z, r1
     9d0:	16 cd       	rjmp	.-1492   	; 0x3fe <_Z12user_programv+0x54>
     9d2:	ed 81       	ldd	r30, Y+5	; 0x05
     9d4:	e9 83       	std	Y+1, r30	; 0x01
				}
			}
		}		
	}
	
	EEPROM_write(0, 0);	// 0x0 is used as the frame count, set to zero while writing
     9d6:	60 e0       	ldi	r22, 0x00	; 0
     9d8:	80 e0       	ldi	r24, 0x00	; 0
     9da:	86 dc       	rcall	.-1780   	; 0x2e8 <_Z12EEPROM_writehh>
	
	for(uint8_t i = 0; i < total_bytes+1; i++){
     9dc:	f9 81       	ldd	r31, Y+1	; 0x01
     9de:	0f 2f       	mov	r16, r31
     9e0:	10 e0       	ldi	r17, 0x00	; 0
     9e2:	0f 5f       	subi	r16, 0xFF	; 255
     9e4:	1f 4f       	sbci	r17, 0xFF	; 255
     9e6:	80 e0       	ldi	r24, 0x00	; 0
     9e8:	90 e0       	ldi	r25, 0x00	; 0
     9ea:	19 82       	std	Y+1, r1	; 0x01
		EEPROM_write(i+1, data_buf[i]);
     9ec:	39 81       	ldd	r19, Y+1	; 0x01
     9ee:	3f 5f       	subi	r19, 0xFF	; 255
     9f0:	39 83       	std	Y+1, r19	; 0x01
     9f2:	fc 01       	movw	r30, r24
     9f4:	e1 52       	subi	r30, 0x21	; 33
     9f6:	ff 4f       	sbci	r31, 0xFF	; 255
     9f8:	60 81       	ld	r22, Z
     9fa:	83 2f       	mov	r24, r19
     9fc:	75 dc       	rcall	.-1814   	; 0x2e8 <_Z12EEPROM_writehh>
		}		
	}
	
	EEPROM_write(0, 0);	// 0x0 is used as the frame count, set to zero while writing
	
	for(uint8_t i = 0; i < total_bytes+1; i++){
     9fe:	e9 81       	ldd	r30, Y+1	; 0x01
     a00:	8e 2f       	mov	r24, r30
     a02:	90 e0       	ldi	r25, 0x00	; 0
     a04:	80 17       	cp	r24, r16
     a06:	91 07       	cpc	r25, r17
     a08:	8c f3       	brlt	.-30     	; 0x9ec <__LOCK_REGION_LENGTH__+0x5ec>
		EEPROM_write(i+1, data_buf[i]);
	}
	
	// now write the size
	EEPROM_write(0, (total_bytes+1)/FRAME_WIDTH);
     a0a:	c8 01       	movw	r24, r16
     a0c:	66 e0       	ldi	r22, 0x06	; 6
     a0e:	70 e0       	ldi	r23, 0x00	; 0
     a10:	ba d4       	rcall	.+2420   	; 0x1386 <__divmodhi4>
     a12:	80 e0       	ldi	r24, 0x00	; 0
     a14:	69 dc       	rcall	.-1838   	; 0x2e8 <_Z12EEPROM_writehh>
     a16:	91 e0       	ldi	r25, 0x01	; 1
     a18:	03 c0       	rjmp	.+6      	; 0xa20 <__LOCK_REGION_LENGTH__+0x620>
     a1a:	8f e0       	ldi	r24, 0x0F	; 15
     a1c:	1d c0       	rjmp	.+58     	; 0xa58 <__LOCK_REGION_LENGTH__+0x658>
     a1e:	9f 5f       	subi	r25, 0xFF	; 255
	//*((uint8_t*)pgm_read_word_near(LED_PORTS + led_num)) =  *((uint8_t*)pgm_read_word_near(LED_PORTS + led_num)) | LED_OFFSETS[led_num];
}


inline void led_off(uint8_t led_num){
	switch(led_num){
     a20:	8f ef       	ldi	r24, 0xFF	; 255
     a22:	89 0f       	add	r24, r25
     a24:	82 30       	cpi	r24, 0x02	; 2
     a26:	79 f0       	breq	.+30     	; 0xa46 <__LOCK_REGION_LENGTH__+0x646>
     a28:	28 f4       	brcc	.+10     	; 0xa34 <__LOCK_REGION_LENGTH__+0x634>
     a2a:	88 23       	and	r24, r24
     a2c:	41 f0       	breq	.+16     	; 0xa3e <__LOCK_REGION_LENGTH__+0x63e>
     a2e:	81 30       	cpi	r24, 0x01	; 1
     a30:	41 f0       	breq	.+16     	; 0xa42 <__LOCK_REGION_LENGTH__+0x642>
     a32:	0f c0       	rjmp	.+30     	; 0xa52 <__LOCK_REGION_LENGTH__+0x652>
     a34:	83 30       	cpi	r24, 0x03	; 3
     a36:	49 f0       	breq	.+18     	; 0xa4a <__LOCK_REGION_LENGTH__+0x64a>
     a38:	84 30       	cpi	r24, 0x04	; 4
     a3a:	49 f0       	breq	.+18     	; 0xa4e <__LOCK_REGION_LENGTH__+0x64e>
     a3c:	0a c0       	rjmp	.+20     	; 0xa52 <__LOCK_REGION_LENGTH__+0x652>
		case 0x0:
			LED1_PORT |= (LED1_OFFSET);
     a3e:	c0 9a       	sbi	0x18, 0	; 24
     a40:	ee cf       	rjmp	.-36     	; 0xa1e <__LOCK_REGION_LENGTH__+0x61e>
			break;
		case 0x1:
			LED2_PORT |= (LED2_OFFSET);
     a42:	c1 9a       	sbi	0x18, 1	; 24
     a44:	ec cf       	rjmp	.-40     	; 0xa1e <__LOCK_REGION_LENGTH__+0x61e>
			break;
		case 0x2:
			LED3_PORT |= (LED3_OFFSET);
     a46:	c2 9a       	sbi	0x18, 2	; 24
     a48:	ea cf       	rjmp	.-44     	; 0xa1e <__LOCK_REGION_LENGTH__+0x61e>
			break;
		case 0x3:
			LED4_PORT |= (LED4_OFFSET);
     a4a:	c3 9a       	sbi	0x18, 3	; 24
     a4c:	e8 cf       	rjmp	.-48     	; 0xa1e <__LOCK_REGION_LENGTH__+0x61e>
			break;
		case 0x4:
			LED5_PORT |= (LED5_OFFSET);
     a4e:	c4 9a       	sbi	0x18, 4	; 24
     a50:	e4 cf       	rjmp	.-56     	; 0xa1a <__LOCK_REGION_LENGTH__+0x61a>
	}
	//*((uint8_t*)pgm_read_word_near(LED_PORTS + led_num)) = *((uint8_t*)pgm_read_word_near(LED_PORTS + led_num)) & ~(LED_OFFSETS[led_num]);
}

inline void all_off(void){
	for(uint8_t i = 0; i < NUM_LEDS; i++){
     a52:	95 30       	cpi	r25, 0x05	; 5
     a54:	20 f3       	brcs	.-56     	; 0xa1e <__LOCK_REGION_LENGTH__+0x61e>
     a56:	e1 cf       	rjmp	.-62     	; 0xa1a <__LOCK_REGION_LENGTH__+0x61a>
			break;
		case 0x1:
			LED2_PORT &= ~(LED2_OFFSET);
			break;
		case 0x2:
			LED3_PORT &= ~(LED3_OFFSET);
     a58:	c2 98       	cbi	0x18, 2	; 24
     a5a:	ff e7       	ldi	r31, 0x7F	; 127
     a5c:	28 e3       	ldi	r18, 0x38	; 56
     a5e:	31 e0       	ldi	r19, 0x01	; 1
     a60:	f1 50       	subi	r31, 0x01	; 1
     a62:	20 40       	sbci	r18, 0x00	; 0
     a64:	30 40       	sbci	r19, 0x00	; 0
     a66:	e1 f7       	brne	.-8      	; 0xa60 <__LOCK_REGION_LENGTH__+0x660>
     a68:	00 c0       	rjmp	.+0      	; 0xa6a <__LOCK_REGION_LENGTH__+0x66a>
     a6a:	00 00       	nop
			break;
		case 0x1:
			LED2_PORT |= (LED2_OFFSET);
			break;
		case 0x2:
			LED3_PORT |= (LED3_OFFSET);
     a6c:	c2 9a       	sbi	0x18, 2	; 24
     a6e:	9f e7       	ldi	r25, 0x7F	; 127
     a70:	e8 e3       	ldi	r30, 0x38	; 56
     a72:	f1 e0       	ldi	r31, 0x01	; 1
     a74:	91 50       	subi	r25, 0x01	; 1
     a76:	e0 40       	sbci	r30, 0x00	; 0
     a78:	f0 40       	sbci	r31, 0x00	; 0
     a7a:	e1 f7       	brne	.-8      	; 0xa74 <__LOCK_REGION_LENGTH__+0x674>
     a7c:	00 c0       	rjmp	.+0      	; 0xa7e <__LOCK_REGION_LENGTH__+0x67e>
     a7e:	00 00       	nop
     a80:	81 50       	subi	r24, 0x01	; 1
	//}
}

inline void led_success(uint8_t led_num){
	all_off();
	for(uint8_t i = 0; i < 15; i++){
     a82:	51 f7       	brne	.-44     	; 0xa58 <__LOCK_REGION_LENGTH__+0x658>
	EEPROM_write(0, (total_bytes+1)/FRAME_WIDTH);
	
	//flash LED for success
	led_success(2);

	return 1;
     a84:	81 e0       	ldi	r24, 0x01	; 1
     a86:	66 c0       	rjmp	.+204    	; 0xb54 <__LOCK_REGION_LENGTH__+0x754>
	// ------------- Seek until successful transfer ------------------
	while(seekData)
	{
		static uint8_t stablewhen0 = 10;
		
		if(run_mode != 0) return 0; //exit programming mode early
     a88:	80 e0       	ldi	r24, 0x00	; 0
     a8a:	64 c0       	rjmp	.+200    	; 0xb54 <__LOCK_REGION_LENGTH__+0x754>
     a8c:	80 e0       	ldi	r24, 0x00	; 0
     a8e:	62 c0       	rjmp	.+196    	; 0xb54 <__LOCK_REGION_LENGTH__+0x754>
     a90:	8b 2d       	mov	r24, r11
     a92:	9a 2d       	mov	r25, r10
     a94:	a8 2d       	mov	r26, r8
     a96:	b9 81       	ldd	r27, Y+1	; 0x01
     a98:	80 93 cc 00 	sts	0x00CC, r24	; 0x8000cc <_ZZ12user_programvE8data_max>
     a9c:	90 93 cd 00 	sts	0x00CD, r25	; 0x8000cd <_ZZ12user_programvE8data_max+0x1>
     aa0:	a0 93 ce 00 	sts	0x00CE, r26	; 0x8000ce <_ZZ12user_programvE8data_max+0x2>
     aa4:	b0 93 cf 00 	sts	0x00CF, r27	; 0x8000cf <_ZZ12user_programvE8data_max+0x3>
     aa8:	87 2d       	mov	r24, r7
     aaa:	96 2d       	mov	r25, r6
     aac:	a5 2d       	mov	r26, r5
     aae:	b4 2d       	mov	r27, r4
     ab0:	80 93 c8 00 	sts	0x00C8, r24	; 0x8000c8 <_ZZ12user_programvE8data_min>
     ab4:	90 93 c9 00 	sts	0x00C9, r25	; 0x8000c9 <_ZZ12user_programvE8data_min+0x1>
     ab8:	a0 93 ca 00 	sts	0x00CA, r26	; 0x8000ca <_ZZ12user_programvE8data_min+0x2>
     abc:	b0 93 cb 00 	sts	0x00CB, r27	; 0x8000cb <_ZZ12user_programvE8data_min+0x3>
					if(max_bucket[block] > data_max) data_max = max_bucket[block];
					else if(min_bucket[block] < data_min) data_min = min_bucket[block];
				}
			}

			float amplitude = (data_max - data_min);
     ac0:	27 2d       	mov	r18, r7
     ac2:	36 2d       	mov	r19, r6
     ac4:	45 2d       	mov	r20, r5
     ac6:	54 2d       	mov	r21, r4
     ac8:	6b 2d       	mov	r22, r11
     aca:	7a 2d       	mov	r23, r10
     acc:	88 2d       	mov	r24, r8
     ace:	99 81       	ldd	r25, Y+1	; 0x01
     ad0:	a4 d2       	rcall	.+1352   	; 0x101a <__subsf3>
     ad2:	6b 01       	movw	r12, r22
     ad4:	7c 01       	movw	r14, r24
			float midline = amplitude / 2 + data_min;	//threshold between high and low
     ad6:	20 e0       	ldi	r18, 0x00	; 0
     ad8:	30 e0       	ldi	r19, 0x00	; 0
     ada:	40 e0       	ldi	r20, 0x00	; 0
     adc:	5f e3       	ldi	r21, 0x3F	; 63
     ade:	e8 d3       	rcall	.+2000   	; 0x12b0 <__mulsf3>
     ae0:	27 2d       	mov	r18, r7
     ae2:	36 2d       	mov	r19, r6
     ae4:	45 2d       	mov	r20, r5
     ae6:	54 2d       	mov	r21, r4
     ae8:	99 d2       	rcall	.+1330   	; 0x101c <__addsf3>
     aea:	2b 01       	movw	r4, r22
     aec:	3c 01       	movw	r6, r24
							
			//good signal if optical signal has large enough contrast
			//OR
			//good signal if data transfer is active
			if( data_incoming || amplitude >= data_max * (SIGNAL_STRENGTH_FACTOR / 100.0) ) signal_available = true;
     aee:	2d ec       	ldi	r18, 0xCD	; 205
     af0:	3c ec       	ldi	r19, 0xCC	; 204
     af2:	4c e4       	ldi	r20, 0x4C	; 76
     af4:	5e e3       	ldi	r21, 0x3E	; 62
     af6:	6b 2d       	mov	r22, r11
     af8:	7a 2d       	mov	r23, r10
     afa:	88 2d       	mov	r24, r8
     afc:	99 81       	ldd	r25, Y+1	; 0x01
     afe:	d8 d3       	rcall	.+1968   	; 0x12b0 <__mulsf3>
     b00:	9b 01       	movw	r18, r22
     b02:	ac 01       	movw	r20, r24
     b04:	c7 01       	movw	r24, r14
     b06:	b6 01       	movw	r22, r12
     b08:	cf d3       	rcall	.+1950   	; 0x12a8 <__gesf2>
     b0a:	88 23       	and	r24, r24
     b0c:	0c f0       	brlt	.+2      	; 0xb10 <__LOCK_REGION_LENGTH__+0x710>
     b0e:	c7 cd       	rjmp	.-1138   	; 0x69e <__LOCK_REGION_LENGTH__+0x29e>
     b10:	c0 cd       	rjmp	.-1152   	; 0x692 <__LOCK_REGION_LENGTH__+0x292>
					if(max_bucket[block] > data_max) data_max = max_bucket[block];
					else if(min_bucket[block] < data_min) data_min = min_bucket[block];
				}
			}

			float amplitude = (data_max - data_min);
     b12:	c0 90 c8 00 	lds	r12, 0x00C8	; 0x8000c8 <_ZZ12user_programvE8data_min>
     b16:	d0 90 c9 00 	lds	r13, 0x00C9	; 0x8000c9 <_ZZ12user_programvE8data_min+0x1>
     b1a:	e0 90 ca 00 	lds	r14, 0x00CA	; 0x8000ca <_ZZ12user_programvE8data_min+0x2>
     b1e:	f0 90 cb 00 	lds	r15, 0x00CB	; 0x8000cb <_ZZ12user_programvE8data_min+0x3>
			float midline = amplitude / 2 + data_min;	//threshold between high and low
     b22:	a7 01       	movw	r20, r14
     b24:	96 01       	movw	r18, r12
     b26:	60 91 cc 00 	lds	r22, 0x00CC	; 0x8000cc <_ZZ12user_programvE8data_max>
     b2a:	70 91 cd 00 	lds	r23, 0x00CD	; 0x8000cd <_ZZ12user_programvE8data_max+0x1>
     b2e:	80 91 ce 00 	lds	r24, 0x00CE	; 0x8000ce <_ZZ12user_programvE8data_max+0x2>
     b32:	90 91 cf 00 	lds	r25, 0x00CF	; 0x8000cf <_ZZ12user_programvE8data_max+0x3>
     b36:	71 d2       	rcall	.+1250   	; 0x101a <__subsf3>
     b38:	20 e0       	ldi	r18, 0x00	; 0
     b3a:	30 e0       	ldi	r19, 0x00	; 0
     b3c:	40 e0       	ldi	r20, 0x00	; 0
     b3e:	5f e3       	ldi	r21, 0x3F	; 63
     b40:	b7 d3       	rcall	.+1902   	; 0x12b0 <__mulsf3>
     b42:	a7 01       	movw	r20, r14
     b44:	96 01       	movw	r18, r12
     b46:	6a d2       	rcall	.+1236   	; 0x101c <__addsf3>
     b48:	2b 01       	movw	r4, r22
     b4a:	3c 01       	movw	r6, r24
							
			//good signal if optical signal has large enough contrast
			//OR
			//good signal if data transfer is active
			if( data_incoming || amplitude >= data_max * (SIGNAL_STRENGTH_FACTOR / 100.0) ) signal_available = true;
     b4c:	9d 82       	std	Y+5, r9	; 0x05
     b4e:	a8 cd       	rjmp	.-1200   	; 0x6a0 <__LOCK_REGION_LENGTH__+0x2a0>
     b50:	20 e0       	ldi	r18, 0x00	; 0
     b52:	55 cc       	rjmp	.-1878   	; 0x3fe <_Z12user_programv+0x54>
	
	//flash LED for success
	led_success(2);

	return 1;
}
     b54:	26 96       	adiw	r28, 0x06	; 6
     b56:	0f b6       	in	r0, 0x3f	; 63
     b58:	f8 94       	cli
     b5a:	de bf       	out	0x3e, r29	; 62
     b5c:	0f be       	out	0x3f, r0	; 63
     b5e:	cd bf       	out	0x3d, r28	; 61
     b60:	df 91       	pop	r29
     b62:	cf 91       	pop	r28
     b64:	1f 91       	pop	r17
     b66:	0f 91       	pop	r16
     b68:	ff 90       	pop	r15
     b6a:	ef 90       	pop	r14
     b6c:	df 90       	pop	r13
     b6e:	cf 90       	pop	r12
     b70:	bf 90       	pop	r11
     b72:	af 90       	pop	r10
     b74:	9f 90       	pop	r9
     b76:	8f 90       	pop	r8
     b78:	7f 90       	pop	r7
     b7a:	6f 90       	pop	r6
     b7c:	5f 90       	pop	r5
     b7e:	4f 90       	pop	r4
     b80:	3f 90       	pop	r3
     b82:	2f 90       	pop	r2
     b84:	08 95       	ret

00000b86 <_Z12animate_lefthj>:



uint8_t animate_left(uint8_t frame, uint16_t durration){
     b86:	cf 93       	push	r28
     b88:	df 93       	push	r29
	
	uint16_t off_dur = durration >> 2;
     b8a:	76 95       	lsr	r23
     b8c:	67 95       	ror	r22
     b8e:	76 95       	lsr	r23
     b90:	67 95       	ror	r22
	uint16_t on_dur = on_dur * 3;
     b92:	40 e0       	ldi	r20, 0x00	; 0
     b94:	50 e0       	ldi	r21, 0x00	; 0
     b96:	ef e3       	ldi	r30, 0x3F	; 63
     b98:	fc e9       	ldi	r31, 0x9C	; 156
     b9a:	31 97       	sbiw	r30, 0x01	; 1
     b9c:	f1 f7       	brne	.-4      	; 0xb9a <_Z12animate_lefthj+0x14>
     b9e:	00 c0       	rjmp	.+0      	; 0xba0 <_Z12animate_lefthj+0x1a>
     ba0:	00 00       	nop
	
#ifdef DISPLAY_MODE_WORD
	_delay_ms(20);
	// all frames up to a blank one
	
	uint8_t word_end = data_frame_count;
     ba2:	a0 91 de 00 	lds	r26, 0x00DE	; 0x8000de <data_frame_count>
	for (uint8_t f=frame+1; f < data_frame_count; f++) {
     ba6:	c1 e0       	ldi	r28, 0x01	; 1
     ba8:	c8 0f       	add	r28, r24
     baa:	ca 17       	cp	r28, r26
     bac:	f0 f4       	brcc	.+60     	; 0xbea <_Z12animate_lefthj+0x64>
     bae:	2c 2f       	mov	r18, r28
     bb0:	30 e0       	ldi	r19, 0x00	; 0
     bb2:	2c 0f       	add	r18, r28
     bb4:	31 1d       	adc	r19, r1
     bb6:	2c 0f       	add	r18, r28
     bb8:	31 1d       	adc	r19, r1
     bba:	22 0f       	add	r18, r18
     bbc:	33 1f       	adc	r19, r19
     bbe:	f9 01       	movw	r30, r18
     bc0:	e1 52       	subi	r30, 0x21	; 33
     bc2:	ff 4f       	sbci	r31, 0xFF	; 255
     bc4:	2b 51       	subi	r18, 0x1B	; 27
     bc6:	3f 4f       	sbci	r19, 0xFF	; 255
		uint8_t blank_cnt = 0;
		//uint8_t *cur_frame = &(data_buf[f*FRAME_WIDTH]);
		for (uint8_t c = 0; c < FRAME_WIDTH; c++) {
			//if ((cur_frame[c] & 0x1f) == 0) {
			uint8_t line = data_buf[c + f*FRAME_WIDTH];
     bc8:	b0 e0       	ldi	r27, 0x00	; 0
     bca:	91 91       	ld	r25, Z+
			if ((line & 0x1f) == 0) {
     bcc:	9f 71       	andi	r25, 0x1F	; 31
     bce:	11 f4       	brne	.+4      	; 0xbd4 <_Z12animate_lefthj+0x4e>
				blank_cnt++;
     bd0:	bf 5f       	subi	r27, 0xFF	; 255
     bd2:	01 c0       	rjmp	.+2      	; 0xbd6 <_Z12animate_lefthj+0x50>
			} else {
				blank_cnt = 0;
     bd4:	b0 e0       	ldi	r27, 0x00	; 0
	
	uint8_t word_end = data_frame_count;
	for (uint8_t f=frame+1; f < data_frame_count; f++) {
		uint8_t blank_cnt = 0;
		//uint8_t *cur_frame = &(data_buf[f*FRAME_WIDTH]);
		for (uint8_t c = 0; c < FRAME_WIDTH; c++) {
     bd6:	e2 17       	cp	r30, r18
     bd8:	f3 07       	cpc	r31, r19
     bda:	b9 f7       	brne	.-18     	; 0xbca <_Z12animate_lefthj+0x44>
				blank_cnt++;
			} else {
				blank_cnt = 0;
			}
		}
		if (blank_cnt >= FRAME_WIDTH) {
     bdc:	b6 30       	cpi	r27, 0x06	; 6
     bde:	20 f4       	brcc	.+8      	; 0xbe8 <_Z12animate_lefthj+0x62>
#ifdef DISPLAY_MODE_WORD
	_delay_ms(20);
	// all frames up to a blank one
	
	uint8_t word_end = data_frame_count;
	for (uint8_t f=frame+1; f < data_frame_count; f++) {
     be0:	cf 5f       	subi	r28, 0xFF	; 255
     be2:	ca 17       	cp	r28, r26
     be4:	20 f3       	brcs	.-56     	; 0xbae <_Z12animate_lefthj+0x28>
     be6:	01 c0       	rjmp	.+2      	; 0xbea <_Z12animate_lefthj+0x64>
     be8:	ac 2f       	mov	r26, r28
			word_end = f;
			break;
		}
	}
	
	uint8_t col_min = frame*FRAME_WIDTH;
     bea:	98 2f       	mov	r25, r24
     bec:	99 0f       	add	r25, r25
     bee:	89 0f       	add	r24, r25
     bf0:	88 0f       	add	r24, r24
	uint8_t col_max = word_end*FRAME_WIDTH;
     bf2:	ba 2f       	mov	r27, r26
     bf4:	bb 0f       	add	r27, r27
     bf6:	ba 0f       	add	r27, r26
     bf8:	bb 0f       	add	r27, r27
	for (uint8_t col = col_max; col > col_min; col--) {
     bfa:	8b 17       	cp	r24, r27
     bfc:	08 f0       	brcs	.+2      	; 0xc00 <_Z12animate_lefthj+0x7a>
     bfe:	7f c0       	rjmp	.+254    	; 0xcfe <_Z12animate_lefthj+0x178>
		uint8_t column = data_buf[col-1];
     c00:	eb 2f       	mov	r30, r27
     c02:	f0 e0       	ldi	r31, 0x00	; 0
     c04:	e2 52       	subi	r30, 0x22	; 34
     c06:	ff 4f       	sbci	r31, 0xFF	; 255
     c08:	c0 81       	ld	r28, Z
     c0a:	21 e0       	ldi	r18, 0x01	; 1
		
		// write to LEDs
		for(uint8_t l = 0; l < NUM_LEDS; l++){
			if((column>>l) & 0b1){
     c0c:	d0 e0       	ldi	r29, 0x00	; 0
     c0e:	01 c0       	rjmp	.+2      	; 0xc12 <_Z12animate_lefthj+0x8c>
     c10:	2f 5f       	subi	r18, 0xFF	; 255
     c12:	9f ef       	ldi	r25, 0xFF	; 255
     c14:	92 0f       	add	r25, r18
     c16:	fe 01       	movw	r30, r28
     c18:	09 2e       	mov	r0, r25
     c1a:	02 c0       	rjmp	.+4      	; 0xc20 <_Z12animate_lefthj+0x9a>
     c1c:	f5 95       	asr	r31
     c1e:	e7 95       	ror	r30
     c20:	0a 94       	dec	r0
     c22:	e2 f7       	brpl	.-8      	; 0xc1c <_Z12animate_lefthj+0x96>
     c24:	e0 ff       	sbrs	r30, 0
     c26:	17 c0       	rjmp	.+46     	; 0xc56 <_Z12animate_lefthj+0xd0>

	
//----------LED UTILITY---------------	

inline void led_on(uint8_t led_num){
	switch(led_num){
     c28:	92 30       	cpi	r25, 0x02	; 2
     c2a:	79 f0       	breq	.+30     	; 0xc4a <_Z12animate_lefthj+0xc4>
     c2c:	28 f4       	brcc	.+10     	; 0xc38 <_Z12animate_lefthj+0xb2>
     c2e:	99 23       	and	r25, r25
     c30:	41 f0       	breq	.+16     	; 0xc42 <_Z12animate_lefthj+0xbc>
     c32:	91 30       	cpi	r25, 0x01	; 1
     c34:	41 f0       	breq	.+16     	; 0xc46 <_Z12animate_lefthj+0xc0>
     c36:	26 c0       	rjmp	.+76     	; 0xc84 <_Z12animate_lefthj+0xfe>
     c38:	93 30       	cpi	r25, 0x03	; 3
     c3a:	49 f0       	breq	.+18     	; 0xc4e <_Z12animate_lefthj+0xc8>
     c3c:	94 30       	cpi	r25, 0x04	; 4
     c3e:	49 f0       	breq	.+18     	; 0xc52 <_Z12animate_lefthj+0xcc>
     c40:	21 c0       	rjmp	.+66     	; 0xc84 <_Z12animate_lefthj+0xfe>
		case 0x0:
			LED1_PORT &= ~(LED1_OFFSET);
     c42:	c0 98       	cbi	0x18, 0	; 24
     c44:	e5 cf       	rjmp	.-54     	; 0xc10 <_Z12animate_lefthj+0x8a>
			break;
		case 0x1:
			LED2_PORT &= ~(LED2_OFFSET);
     c46:	c1 98       	cbi	0x18, 1	; 24
     c48:	e3 cf       	rjmp	.-58     	; 0xc10 <_Z12animate_lefthj+0x8a>
			break;
		case 0x2:
			LED3_PORT &= ~(LED3_OFFSET);
     c4a:	c2 98       	cbi	0x18, 2	; 24
     c4c:	e1 cf       	rjmp	.-62     	; 0xc10 <_Z12animate_lefthj+0x8a>
			break;
		case 0x3:
			LED4_PORT &= ~(LED4_OFFSET);
     c4e:	c3 98       	cbi	0x18, 3	; 24
     c50:	df cf       	rjmp	.-66     	; 0xc10 <_Z12animate_lefthj+0x8a>
			break;
		case 0x4:
			LED5_PORT &= ~(LED5_OFFSET);
     c52:	c4 98       	cbi	0x18, 4	; 24
     c54:	19 c0       	rjmp	.+50     	; 0xc88 <_Z12animate_lefthj+0x102>
	//*((uint8_t*)pgm_read_word_near(LED_PORTS + led_num)) =  *((uint8_t*)pgm_read_word_near(LED_PORTS + led_num)) | LED_OFFSETS[led_num];
}


inline void led_off(uint8_t led_num){
	switch(led_num){
     c56:	92 30       	cpi	r25, 0x02	; 2
     c58:	79 f0       	breq	.+30     	; 0xc78 <_Z12animate_lefthj+0xf2>
     c5a:	28 f4       	brcc	.+10     	; 0xc66 <_Z12animate_lefthj+0xe0>
     c5c:	99 23       	and	r25, r25
     c5e:	41 f0       	breq	.+16     	; 0xc70 <_Z12animate_lefthj+0xea>
     c60:	91 30       	cpi	r25, 0x01	; 1
     c62:	41 f0       	breq	.+16     	; 0xc74 <_Z12animate_lefthj+0xee>
     c64:	0f c0       	rjmp	.+30     	; 0xc84 <_Z12animate_lefthj+0xfe>
     c66:	93 30       	cpi	r25, 0x03	; 3
     c68:	49 f0       	breq	.+18     	; 0xc7c <_Z12animate_lefthj+0xf6>
     c6a:	94 30       	cpi	r25, 0x04	; 4
     c6c:	49 f0       	breq	.+18     	; 0xc80 <_Z12animate_lefthj+0xfa>
     c6e:	0a c0       	rjmp	.+20     	; 0xc84 <_Z12animate_lefthj+0xfe>
		case 0x0:
			LED1_PORT |= (LED1_OFFSET);
     c70:	c0 9a       	sbi	0x18, 0	; 24
     c72:	ce cf       	rjmp	.-100    	; 0xc10 <_Z12animate_lefthj+0x8a>
			break;
		case 0x1:
			LED2_PORT |= (LED2_OFFSET);
     c74:	c1 9a       	sbi	0x18, 1	; 24
     c76:	cc cf       	rjmp	.-104    	; 0xc10 <_Z12animate_lefthj+0x8a>
			break;
		case 0x2:
			LED3_PORT |= (LED3_OFFSET);
     c78:	c2 9a       	sbi	0x18, 2	; 24
     c7a:	ca cf       	rjmp	.-108    	; 0xc10 <_Z12animate_lefthj+0x8a>
			break;
		case 0x3:
			LED4_PORT |= (LED4_OFFSET);
     c7c:	c3 9a       	sbi	0x18, 3	; 24
     c7e:	c8 cf       	rjmp	.-112    	; 0xc10 <_Z12animate_lefthj+0x8a>
			break;
		case 0x4:
			LED5_PORT |= (LED5_OFFSET);
     c80:	c4 9a       	sbi	0x18, 4	; 24
     c82:	02 c0       	rjmp	.+4      	; 0xc88 <_Z12animate_lefthj+0x102>
	uint8_t col_max = word_end*FRAME_WIDTH;
	for (uint8_t col = col_max; col > col_min; col--) {
		uint8_t column = data_buf[col-1];
		
		// write to LEDs
		for(uint8_t l = 0; l < NUM_LEDS; l++){
     c84:	25 30       	cpi	r18, 0x05	; 5
     c86:	20 f2       	brcs	.-120    	; 0xc10 <_Z12animate_lefthj+0x8a>
	
	
}

inline void delayTicks(uint16_t durration){
	uint16_t start_time = tick_time;
     c88:	e0 91 d7 00 	lds	r30, 0x00D7	; 0x8000d7 <tick_time>
     c8c:	f0 91 d8 00 	lds	r31, 0x00D8	; 0x8000d8 <tick_time+0x1>
	while(tick_time - start_time <= durration);
     c90:	20 91 d7 00 	lds	r18, 0x00D7	; 0x8000d7 <tick_time>
     c94:	30 91 d8 00 	lds	r19, 0x00D8	; 0x8000d8 <tick_time+0x1>
     c98:	2e 1b       	sub	r18, r30
     c9a:	3f 0b       	sbc	r19, r31
     c9c:	42 17       	cp	r20, r18
     c9e:	53 07       	cpc	r21, r19
     ca0:	b8 f7       	brcc	.-18     	; 0xc90 <_Z12animate_lefthj+0x10a>
     ca2:	21 e0       	ldi	r18, 0x01	; 1
     ca4:	01 c0       	rjmp	.+2      	; 0xca8 <_Z12animate_lefthj+0x122>
     ca6:	2f 5f       	subi	r18, 0xFF	; 255
	//*((uint8_t*)pgm_read_word_near(LED_PORTS + led_num)) =  *((uint8_t*)pgm_read_word_near(LED_PORTS + led_num)) | LED_OFFSETS[led_num];
}


inline void led_off(uint8_t led_num){
	switch(led_num){
     ca8:	9f ef       	ldi	r25, 0xFF	; 255
     caa:	92 0f       	add	r25, r18
     cac:	92 30       	cpi	r25, 0x02	; 2
     cae:	79 f0       	breq	.+30     	; 0xcce <_Z12animate_lefthj+0x148>
     cb0:	28 f4       	brcc	.+10     	; 0xcbc <_Z12animate_lefthj+0x136>
     cb2:	99 23       	and	r25, r25
     cb4:	41 f0       	breq	.+16     	; 0xcc6 <_Z12animate_lefthj+0x140>
     cb6:	91 30       	cpi	r25, 0x01	; 1
     cb8:	41 f0       	breq	.+16     	; 0xcca <_Z12animate_lefthj+0x144>
     cba:	0f c0       	rjmp	.+30     	; 0xcda <_Z12animate_lefthj+0x154>
     cbc:	93 30       	cpi	r25, 0x03	; 3
     cbe:	49 f0       	breq	.+18     	; 0xcd2 <_Z12animate_lefthj+0x14c>
     cc0:	94 30       	cpi	r25, 0x04	; 4
     cc2:	49 f0       	breq	.+18     	; 0xcd6 <_Z12animate_lefthj+0x150>
     cc4:	0a c0       	rjmp	.+20     	; 0xcda <_Z12animate_lefthj+0x154>
		case 0x0:
			LED1_PORT |= (LED1_OFFSET);
     cc6:	c0 9a       	sbi	0x18, 0	; 24
     cc8:	ee cf       	rjmp	.-36     	; 0xca6 <_Z12animate_lefthj+0x120>
			break;
		case 0x1:
			LED2_PORT |= (LED2_OFFSET);
     cca:	c1 9a       	sbi	0x18, 1	; 24
     ccc:	ec cf       	rjmp	.-40     	; 0xca6 <_Z12animate_lefthj+0x120>
			break;
		case 0x2:
			LED3_PORT |= (LED3_OFFSET);
     cce:	c2 9a       	sbi	0x18, 2	; 24
     cd0:	ea cf       	rjmp	.-44     	; 0xca6 <_Z12animate_lefthj+0x120>
			break;
		case 0x3:
			LED4_PORT |= (LED4_OFFSET);
     cd2:	c3 9a       	sbi	0x18, 3	; 24
     cd4:	e8 cf       	rjmp	.-48     	; 0xca6 <_Z12animate_lefthj+0x120>
			break;
		case 0x4:
			LED5_PORT |= (LED5_OFFSET);
     cd6:	c4 9a       	sbi	0x18, 4	; 24
     cd8:	02 c0       	rjmp	.+4      	; 0xcde <_Z12animate_lefthj+0x158>
	}
	//*((uint8_t*)pgm_read_word_near(LED_PORTS + led_num)) = *((uint8_t*)pgm_read_word_near(LED_PORTS + led_num)) & ~(LED_OFFSETS[led_num]);
}

inline void all_off(void){
	for(uint8_t i = 0; i < NUM_LEDS; i++){
     cda:	25 30       	cpi	r18, 0x05	; 5
     cdc:	20 f3       	brcs	.-56     	; 0xca6 <_Z12animate_lefthj+0x120>
	
	
}

inline void delayTicks(uint16_t durration){
	uint16_t start_time = tick_time;
     cde:	e0 91 d7 00 	lds	r30, 0x00D7	; 0x8000d7 <tick_time>
     ce2:	f0 91 d8 00 	lds	r31, 0x00D8	; 0x8000d8 <tick_time+0x1>
	while(tick_time - start_time <= durration);
     ce6:	20 91 d7 00 	lds	r18, 0x00D7	; 0x8000d7 <tick_time>
     cea:	30 91 d8 00 	lds	r19, 0x00D8	; 0x8000d8 <tick_time+0x1>
     cee:	2e 1b       	sub	r18, r30
     cf0:	3f 0b       	sbc	r19, r31
     cf2:	62 17       	cp	r22, r18
     cf4:	73 07       	cpc	r23, r19
     cf6:	b8 f7       	brcc	.-18     	; 0xce6 <_Z12animate_lefthj+0x160>
		}
	}
	
	uint8_t col_min = frame*FRAME_WIDTH;
	uint8_t col_max = word_end*FRAME_WIDTH;
	for (uint8_t col = col_max; col > col_min; col--) {
     cf8:	b1 50       	subi	r27, 0x01	; 1
     cfa:	8b 13       	cpse	r24, r27
     cfc:	81 cf       	rjmp	.-254    	; 0xc00 <_Z12animate_lefthj+0x7a>
			_delay_us(800);
		}
#endif
	
	return 0;
}
     cfe:	8a 2f       	mov	r24, r26
     d00:	df 91       	pop	r29
     d02:	cf 91       	pop	r28
     d04:	08 95       	ret

00000d06 <_Z8animate2v>:

void animate2(void){
     d06:	1f 93       	push	r17
     d08:	cf 93       	push	r28
     d0a:	df 93       	push	r29
	uint8_t frame_num = 0;
	
	uint8_t cycles = 0;
	
	while(1){
		if(run_mode != 1) return;
     d0c:	d0 91 d9 00 	lds	r29, 0x00D9	; 0x8000d9 <run_mode>
     d10:	d1 30       	cpi	r29, 0x01	; 1
     d12:	09 f0       	breq	.+2      	; 0xd16 <_Z8animate2v+0x10>
     d14:	52 c0       	rjmp	.+164    	; 0xdba <_Z8animate2v+0xb4>
     d16:	80 e0       	ldi	r24, 0x00	; 0
     d18:	90 e0       	ldi	r25, 0x00	; 0
			
			// rising edge
			_delay_ms(55);
			uint8_t ret = animate_left(frame_num, dur);
			if (ret >= data_frame_count)
				ret = 0;
     d1a:	10 e0       	ldi	r17, 0x00	; 0
	uint8_t cycles = 0;
	
	while(1){
		if(run_mode != 1) return;
		// read bump sensor and adjust shake timing
		if(ADC_shorted) bump = 1;
     d1c:	c0 91 da 00 	lds	r28, 0x00DA	; 0x8000da <ADC_shorted>
		else bump = 0;

		if(bump & !last_bump){
     d20:	9c 17       	cp	r25, r28
     d22:	08 f0       	brcs	.+2      	; 0xd26 <_Z8animate2v+0x20>
     d24:	40 c0       	rjmp	.+128    	; 0xda6 <_Z8animate2v+0xa0>
			static uint16_t last_ticks = 0;
			
			uint16_t dur = (tick_time - last_ticks) >> 4;
     d26:	60 91 d7 00 	lds	r22, 0x00D7	; 0x8000d7 <tick_time>
     d2a:	70 91 d8 00 	lds	r23, 0x00D8	; 0x8000d8 <tick_time+0x1>
     d2e:	2f eb       	ldi	r18, 0xBF	; 191
     d30:	37 e5       	ldi	r19, 0x57	; 87
     d32:	91 e0       	ldi	r25, 0x01	; 1
     d34:	21 50       	subi	r18, 0x01	; 1
     d36:	30 40       	sbci	r19, 0x00	; 0
     d38:	90 40       	sbci	r25, 0x00	; 0
     d3a:	e1 f7       	brne	.-8      	; 0xd34 <_Z8animate2v+0x2e>
     d3c:	00 c0       	rjmp	.+0      	; 0xd3e <_Z8animate2v+0x38>
     d3e:	00 00       	nop
			
			// rising edge
			_delay_ms(55);
			uint8_t ret = animate_left(frame_num, dur);
     d40:	72 95       	swap	r23
     d42:	62 95       	swap	r22
     d44:	6f 70       	andi	r22, 0x0F	; 15
     d46:	67 27       	eor	r22, r23
     d48:	7f 70       	andi	r23, 0x0F	; 15
     d4a:	67 27       	eor	r22, r23
     d4c:	1c df       	rcall	.-456    	; 0xb86 <_Z12animate_lefthj>
			if (ret >= data_frame_count)
     d4e:	90 91 de 00 	lds	r25, 0x00DE	; 0x8000de <data_frame_count>
     d52:	89 17       	cp	r24, r25
     d54:	08 f0       	brcs	.+2      	; 0xd58 <_Z8animate2v+0x52>
				ret = 0;
     d56:	81 2f       	mov	r24, r17
     d58:	2d 2f       	mov	r18, r29
     d5a:	01 c0       	rjmp	.+2      	; 0xd5e <_Z8animate2v+0x58>
     d5c:	2f 5f       	subi	r18, 0xFF	; 255
	//*((uint8_t*)pgm_read_word_near(LED_PORTS + led_num)) =  *((uint8_t*)pgm_read_word_near(LED_PORTS + led_num)) | LED_OFFSETS[led_num];
}


inline void led_off(uint8_t led_num){
	switch(led_num){
     d5e:	9f ef       	ldi	r25, 0xFF	; 255
     d60:	92 0f       	add	r25, r18
     d62:	92 30       	cpi	r25, 0x02	; 2
     d64:	79 f0       	breq	.+30     	; 0xd84 <_Z8animate2v+0x7e>
     d66:	28 f4       	brcc	.+10     	; 0xd72 <_Z8animate2v+0x6c>
     d68:	99 23       	and	r25, r25
     d6a:	41 f0       	breq	.+16     	; 0xd7c <_Z8animate2v+0x76>
     d6c:	91 30       	cpi	r25, 0x01	; 1
     d6e:	41 f0       	breq	.+16     	; 0xd80 <_Z8animate2v+0x7a>
     d70:	0f c0       	rjmp	.+30     	; 0xd90 <_Z8animate2v+0x8a>
     d72:	93 30       	cpi	r25, 0x03	; 3
     d74:	49 f0       	breq	.+18     	; 0xd88 <_Z8animate2v+0x82>
     d76:	94 30       	cpi	r25, 0x04	; 4
     d78:	49 f0       	breq	.+18     	; 0xd8c <_Z8animate2v+0x86>
     d7a:	0a c0       	rjmp	.+20     	; 0xd90 <_Z8animate2v+0x8a>
		case 0x0:
			LED1_PORT |= (LED1_OFFSET);
     d7c:	c0 9a       	sbi	0x18, 0	; 24
     d7e:	ee cf       	rjmp	.-36     	; 0xd5c <_Z8animate2v+0x56>
			break;
		case 0x1:
			LED2_PORT |= (LED2_OFFSET);
     d80:	c1 9a       	sbi	0x18, 1	; 24
     d82:	ec cf       	rjmp	.-40     	; 0xd5c <_Z8animate2v+0x56>
			break;
		case 0x2:
			LED3_PORT |= (LED3_OFFSET);
     d84:	c2 9a       	sbi	0x18, 2	; 24
     d86:	ea cf       	rjmp	.-44     	; 0xd5c <_Z8animate2v+0x56>
			break;
		case 0x3:
			LED4_PORT |= (LED4_OFFSET);
     d88:	c3 9a       	sbi	0x18, 3	; 24
     d8a:	e8 cf       	rjmp	.-48     	; 0xd5c <_Z8animate2v+0x56>
			break;
		case 0x4:
			LED5_PORT |= (LED5_OFFSET);
     d8c:	c4 9a       	sbi	0x18, 4	; 24
     d8e:	02 c0       	rjmp	.+4      	; 0xd94 <_Z8animate2v+0x8e>
	}
	//*((uint8_t*)pgm_read_word_near(LED_PORTS + led_num)) = *((uint8_t*)pgm_read_word_near(LED_PORTS + led_num)) & ~(LED_OFFSETS[led_num]);
}

inline void all_off(void){
	for(uint8_t i = 0; i < NUM_LEDS; i++){
     d90:	25 30       	cpi	r18, 0x05	; 5
     d92:	20 f3       	brcs	.-56     	; 0xd5c <_Z8animate2v+0x56>
     d94:	2f ef       	ldi	r18, 0xFF	; 255
     d96:	33 ef       	ldi	r19, 0xF3	; 243
     d98:	91 e0       	ldi	r25, 0x01	; 1
     d9a:	21 50       	subi	r18, 0x01	; 1
     d9c:	30 40       	sbci	r19, 0x00	; 0
     d9e:	90 40       	sbci	r25, 0x00	; 0
     da0:	e1 f7       	brne	.-8      	; 0xd9a <_Z8animate2v+0x94>
     da2:	00 c0       	rjmp	.+0      	; 0xda4 <_Z8animate2v+0x9e>
     da4:	00 00       	nop
	#else
		//round up by default
		__ticks_dc = (uint32_t)(ceil(fabs(__tmp)));
	#endif

	__builtin_avr_delay_cycles(__ticks_dc);
     da6:	2a e1       	ldi	r18, 0x1A	; 26
     da8:	2a 95       	dec	r18
     daa:	f1 f7       	brne	.-4      	; 0xda8 <_Z8animate2v+0xa2>
     dac:	00 c0       	rjmp	.+0      	; 0xdae <_Z8animate2v+0xa8>
	uint8_t frame_num = 0;
	
	uint8_t cycles = 0;
	
	while(1){
		if(run_mode != 1) return;
     dae:	20 91 d9 00 	lds	r18, 0x00D9	; 0x8000d9 <run_mode>
			}
		}
		if(!bump & last_bump){
			// falling edge
		}
		last_bump = bump;
     db2:	9c 2f       	mov	r25, r28
	uint8_t frame_num = 0;
	
	uint8_t cycles = 0;
	
	while(1){
		if(run_mode != 1) return;
     db4:	21 30       	cpi	r18, 0x01	; 1
     db6:	09 f4       	brne	.+2      	; 0xdba <_Z8animate2v+0xb4>
     db8:	b1 cf       	rjmp	.-158    	; 0xd1c <_Z8animate2v+0x16>
		last_bump = bump;
		
		_delay_us(10);
		
	}
}
     dba:	df 91       	pop	r29
     dbc:	cf 91       	pop	r28
     dbe:	1f 91       	pop	r17
     dc0:	08 95       	ret

00000dc2 <_Z3runv>:

void run(void){
	//setup ADC and ISR
	
	init_adc();
     dc2:	b9 d9       	rcall	.-3214   	; 0x136 <_Z8init_adcv>
	timer0_tick_100us_init();
     dc4:	af d9       	rcall	.-3234   	; 0x124 <_Z22timer0_tick_100us_initv>
	sei();
     dc6:	78 94       	sei
	
	load_frames();
     dc8:	9d da       	rcall	.-2758   	; 0x304 <_Z11load_framesv>
		_delay_us(10);
		
	}
}

void run(void){
     dca:	91 e0       	ldi	r25, 0x01	; 1
     dcc:	01 c0       	rjmp	.+2      	; 0xdd0 <_Z3runv+0xe>
     dce:	9f 5f       	subi	r25, 0xFF	; 255
	//*((uint8_t*)pgm_read_word_near(LED_PORTS + led_num)) =  *((uint8_t*)pgm_read_word_near(LED_PORTS + led_num)) | LED_OFFSETS[led_num];
}


inline void led_off(uint8_t led_num){
	switch(led_num){
     dd0:	8f ef       	ldi	r24, 0xFF	; 255
     dd2:	89 0f       	add	r24, r25
     dd4:	82 30       	cpi	r24, 0x02	; 2
     dd6:	79 f0       	breq	.+30     	; 0xdf6 <_Z3runv+0x34>
     dd8:	28 f4       	brcc	.+10     	; 0xde4 <_Z3runv+0x22>
     dda:	88 23       	and	r24, r24
     ddc:	41 f0       	breq	.+16     	; 0xdee <_Z3runv+0x2c>
     dde:	81 30       	cpi	r24, 0x01	; 1
     de0:	41 f0       	breq	.+16     	; 0xdf2 <_Z3runv+0x30>
     de2:	0f c0       	rjmp	.+30     	; 0xe02 <_Z3runv+0x40>
     de4:	83 30       	cpi	r24, 0x03	; 3
     de6:	49 f0       	breq	.+18     	; 0xdfa <_Z3runv+0x38>
     de8:	84 30       	cpi	r24, 0x04	; 4
     dea:	49 f0       	breq	.+18     	; 0xdfe <_Z3runv+0x3c>
     dec:	0a c0       	rjmp	.+20     	; 0xe02 <_Z3runv+0x40>
		case 0x0:
			LED1_PORT |= (LED1_OFFSET);
     dee:	c0 9a       	sbi	0x18, 0	; 24
     df0:	ee cf       	rjmp	.-36     	; 0xdce <_Z3runv+0xc>
			break;
		case 0x1:
			LED2_PORT |= (LED2_OFFSET);
     df2:	c1 9a       	sbi	0x18, 1	; 24
     df4:	ec cf       	rjmp	.-40     	; 0xdce <_Z3runv+0xc>
			break;
		case 0x2:
			LED3_PORT |= (LED3_OFFSET);
     df6:	c2 9a       	sbi	0x18, 2	; 24
     df8:	ea cf       	rjmp	.-44     	; 0xdce <_Z3runv+0xc>
			break;
		case 0x3:
			LED4_PORT |= (LED4_OFFSET);
     dfa:	c3 9a       	sbi	0x18, 3	; 24
     dfc:	e8 cf       	rjmp	.-48     	; 0xdce <_Z3runv+0xc>
			break;
		case 0x4:
			LED5_PORT |= (LED5_OFFSET);
     dfe:	c4 9a       	sbi	0x18, 4	; 24
     e00:	02 c0       	rjmp	.+4      	; 0xe06 <_Z3runv+0x44>
	}
	//*((uint8_t*)pgm_read_word_near(LED_PORTS + led_num)) = *((uint8_t*)pgm_read_word_near(LED_PORTS + led_num)) & ~(LED_OFFSETS[led_num]);
}

inline void all_off(void){
	for(uint8_t i = 0; i < NUM_LEDS; i++){
     e02:	95 30       	cpi	r25, 0x05	; 5
     e04:	20 f3       	brcs	.-56     	; 0xdce <_Z3runv+0xc>
	
	while(1){
		all_off();
		
		//run_mode is determined in timer0_tick_100us_init ISR routine
		switch(run_mode){
     e06:	80 91 d9 00 	lds	r24, 0x00D9	; 0x8000d9 <run_mode>
     e0a:	81 30       	cpi	r24, 0x01	; 1
     e0c:	49 f0       	breq	.+18     	; 0xe20 <_Z3runv+0x5e>
     e0e:	18 f0       	brcs	.+6      	; 0xe16 <_Z3runv+0x54>
     e10:	82 30       	cpi	r24, 0x02	; 2
     e12:	51 f0       	breq	.+20     	; 0xe28 <_Z3runv+0x66>
     e14:	50 c0       	rjmp	.+160    	; 0xeb6 <_Z3runv+0xf4>
			case 0:
				if(user_program()) load_frames();
     e16:	c9 da       	rcall	.-2670   	; 0x3aa <_Z12user_programv>
     e18:	88 23       	and	r24, r24
     e1a:	b9 f2       	breq	.-82     	; 0xdca <_Z3runv+0x8>
     e1c:	73 da       	rcall	.-2842   	; 0x304 <_Z11load_framesv>
     e1e:	d5 cf       	rjmp	.-86     	; 0xdca <_Z3runv+0x8>
				break;
			case 1:
				animate2();
     e20:	72 df       	rcall	.-284    	; 0xd06 <_Z8animate2v>
				break;
     e22:	d3 cf       	rjmp	.-90     	; 0xdca <_Z3runv+0x8>
     e24:	9f 5f       	subi	r25, 0xFF	; 255
     e26:	01 c0       	rjmp	.+2      	; 0xe2a <_Z3runv+0x68>
	
	while(1){
		all_off();
		
		//run_mode is determined in timer0_tick_100us_init ISR routine
		switch(run_mode){
     e28:	91 e0       	ldi	r25, 0x01	; 1
	//*((uint8_t*)pgm_read_word_near(LED_PORTS + led_num)) =  *((uint8_t*)pgm_read_word_near(LED_PORTS + led_num)) | LED_OFFSETS[led_num];
}


inline void led_off(uint8_t led_num){
	switch(led_num){
     e2a:	8f ef       	ldi	r24, 0xFF	; 255
     e2c:	89 0f       	add	r24, r25
     e2e:	82 30       	cpi	r24, 0x02	; 2
     e30:	79 f0       	breq	.+30     	; 0xe50 <_Z3runv+0x8e>
     e32:	28 f4       	brcc	.+10     	; 0xe3e <_Z3runv+0x7c>
     e34:	88 23       	and	r24, r24
     e36:	41 f0       	breq	.+16     	; 0xe48 <_Z3runv+0x86>
     e38:	81 30       	cpi	r24, 0x01	; 1
     e3a:	41 f0       	breq	.+16     	; 0xe4c <_Z3runv+0x8a>
     e3c:	0f c0       	rjmp	.+30     	; 0xe5c <_Z3runv+0x9a>
     e3e:	83 30       	cpi	r24, 0x03	; 3
     e40:	49 f0       	breq	.+18     	; 0xe54 <_Z3runv+0x92>
     e42:	84 30       	cpi	r24, 0x04	; 4
     e44:	49 f0       	breq	.+18     	; 0xe58 <_Z3runv+0x96>
     e46:	0a c0       	rjmp	.+20     	; 0xe5c <_Z3runv+0x9a>
		case 0x0:
			LED1_PORT |= (LED1_OFFSET);
     e48:	c0 9a       	sbi	0x18, 0	; 24
     e4a:	ec cf       	rjmp	.-40     	; 0xe24 <_Z3runv+0x62>
			break;
		case 0x1:
			LED2_PORT |= (LED2_OFFSET);
     e4c:	c1 9a       	sbi	0x18, 1	; 24
     e4e:	ea cf       	rjmp	.-44     	; 0xe24 <_Z3runv+0x62>
			break;
		case 0x2:
			LED3_PORT |= (LED3_OFFSET);
     e50:	c2 9a       	sbi	0x18, 2	; 24
     e52:	e8 cf       	rjmp	.-48     	; 0xe24 <_Z3runv+0x62>
			break;
		case 0x3:
			LED4_PORT |= (LED4_OFFSET);
     e54:	c3 9a       	sbi	0x18, 3	; 24
     e56:	e6 cf       	rjmp	.-52     	; 0xe24 <_Z3runv+0x62>
			break;
		case 0x4:
			LED5_PORT |= (LED5_OFFSET);
     e58:	c4 9a       	sbi	0x18, 4	; 24
     e5a:	02 c0       	rjmp	.+4      	; 0xe60 <_Z3runv+0x9e>
	}
	//*((uint8_t*)pgm_read_word_near(LED_PORTS + led_num)) = *((uint8_t*)pgm_read_word_near(LED_PORTS + led_num)) & ~(LED_OFFSETS[led_num]);
}

inline void all_off(void){
	for(uint8_t i = 0; i < NUM_LEDS; i++){
     e5c:	95 30       	cpi	r25, 0x05	; 5
     e5e:	10 f3       	brcs	.-60     	; 0xe24 <_Z3runv+0x62>
}

inline void led_error(uint8_t led_num){
	all_off();
	//for(uint8_t i = 0; i < 5; i++){
	if(run_mode != 2) return;
     e60:	80 91 d9 00 	lds	r24, 0x00D9	; 0x8000d9 <run_mode>
     e64:	82 30       	cpi	r24, 0x02	; 2
     e66:	09 f0       	breq	.+2      	; 0xe6a <_Z3runv+0xa8>
     e68:	b0 cf       	rjmp	.-160    	; 0xdca <_Z3runv+0x8>
//----------LED UTILITY---------------	

inline void led_on(uint8_t led_num){
	switch(led_num){
		case 0x0:
			LED1_PORT &= ~(LED1_OFFSET);
     e6a:	c0 98       	cbi	0x18, 0	; 24
	switch(led_num){
		case 0x0:
			LED1_PORT |= (LED1_OFFSET);
			break;
		case 0x1:
			LED2_PORT |= (LED2_OFFSET);
     e6c:	c1 9a       	sbi	0x18, 1	; 24
	#else
		//round up by default
		__ticks_dc = (uint32_t)(ceil(fabs(__tmp)));
	#endif

	__builtin_avr_delay_cycles(__ticks_dc);
     e6e:	2f ef       	ldi	r18, 0xFF	; 255
     e70:	80 e7       	ldi	r24, 0x70	; 112
     e72:	92 e0       	ldi	r25, 0x02	; 2
     e74:	21 50       	subi	r18, 0x01	; 1
     e76:	80 40       	sbci	r24, 0x00	; 0
     e78:	90 40       	sbci	r25, 0x00	; 0
     e7a:	e1 f7       	brne	.-8      	; 0xe74 <_Z3runv+0xb2>
     e7c:	00 c0       	rjmp	.+0      	; 0xe7e <_Z3runv+0xbc>
     e7e:	00 00       	nop


inline void led_off(uint8_t led_num){
	switch(led_num){
		case 0x0:
			LED1_PORT |= (LED1_OFFSET);
     e80:	c0 9a       	sbi	0x18, 0	; 24
	switch(led_num){
		case 0x0:
			LED1_PORT &= ~(LED1_OFFSET);
			break;
		case 0x1:
			LED2_PORT &= ~(LED2_OFFSET);
     e82:	c1 98       	cbi	0x18, 1	; 24
     e84:	2f ef       	ldi	r18, 0xFF	; 255
     e86:	80 e7       	ldi	r24, 0x70	; 112
     e88:	92 e0       	ldi	r25, 0x02	; 2
     e8a:	21 50       	subi	r18, 0x01	; 1
     e8c:	80 40       	sbci	r24, 0x00	; 0
     e8e:	90 40       	sbci	r25, 0x00	; 0
     e90:	e1 f7       	brne	.-8      	; 0xe8a <_Z3runv+0xc8>
     e92:	00 c0       	rjmp	.+0      	; 0xe94 <_Z3runv+0xd2>
     e94:	00 00       	nop
//----------LED UTILITY---------------	

inline void led_on(uint8_t led_num){
	switch(led_num){
		case 0x0:
			LED1_PORT &= ~(LED1_OFFSET);
     e96:	c0 98       	cbi	0x18, 0	; 24
	switch(led_num){
		case 0x0:
			LED1_PORT |= (LED1_OFFSET);
			break;
		case 0x1:
			LED2_PORT |= (LED2_OFFSET);
     e98:	c1 9a       	sbi	0x18, 1	; 24
     e9a:	2f ef       	ldi	r18, 0xFF	; 255
     e9c:	80 e7       	ldi	r24, 0x70	; 112
     e9e:	92 e0       	ldi	r25, 0x02	; 2
     ea0:	21 50       	subi	r18, 0x01	; 1
     ea2:	80 40       	sbci	r24, 0x00	; 0
     ea4:	90 40       	sbci	r25, 0x00	; 0
     ea6:	e1 f7       	brne	.-8      	; 0xea0 <_Z3runv+0xde>
     ea8:	00 c0       	rjmp	.+0      	; 0xeaa <_Z3runv+0xe8>
     eaa:	00 00       	nop


inline void led_off(uint8_t led_num){
	switch(led_num){
		case 0x0:
			LED1_PORT |= (LED1_OFFSET);
     eac:	c0 9a       	sbi	0x18, 0	; 24
			break;
		case 0x1:
			LED2_PORT |= (LED2_OFFSET);
     eae:	c1 9a       	sbi	0x18, 1	; 24
     eb0:	8c cf       	rjmp	.-232    	; 0xdca <_Z3runv+0x8>
     eb2:	9f 5f       	subi	r25, 0xFF	; 255
     eb4:	01 c0       	rjmp	.+2      	; 0xeb8 <_Z3runv+0xf6>
	
	while(1){
		all_off();
		
		//run_mode is determined in timer0_tick_100us_init ISR routine
		switch(run_mode){
     eb6:	91 e0       	ldi	r25, 0x01	; 1
	//*((uint8_t*)pgm_read_word_near(LED_PORTS + led_num)) =  *((uint8_t*)pgm_read_word_near(LED_PORTS + led_num)) | LED_OFFSETS[led_num];
}


inline void led_off(uint8_t led_num){
	switch(led_num){
     eb8:	8f ef       	ldi	r24, 0xFF	; 255
     eba:	89 0f       	add	r24, r25
     ebc:	82 30       	cpi	r24, 0x02	; 2
     ebe:	79 f0       	breq	.+30     	; 0xede <_Z3runv+0x11c>
     ec0:	28 f4       	brcc	.+10     	; 0xecc <_Z3runv+0x10a>
     ec2:	88 23       	and	r24, r24
     ec4:	41 f0       	breq	.+16     	; 0xed6 <_Z3runv+0x114>
     ec6:	81 30       	cpi	r24, 0x01	; 1
     ec8:	41 f0       	breq	.+16     	; 0xeda <_Z3runv+0x118>
     eca:	0f c0       	rjmp	.+30     	; 0xeea <_Z3runv+0x128>
     ecc:	83 30       	cpi	r24, 0x03	; 3
     ece:	49 f0       	breq	.+18     	; 0xee2 <_Z3runv+0x120>
     ed0:	84 30       	cpi	r24, 0x04	; 4
     ed2:	49 f0       	breq	.+18     	; 0xee6 <_Z3runv+0x124>
     ed4:	0a c0       	rjmp	.+20     	; 0xeea <_Z3runv+0x128>
		case 0x0:
			LED1_PORT |= (LED1_OFFSET);
     ed6:	c0 9a       	sbi	0x18, 0	; 24
     ed8:	ec cf       	rjmp	.-40     	; 0xeb2 <_Z3runv+0xf0>
			break;
		case 0x1:
			LED2_PORT |= (LED2_OFFSET);
     eda:	c1 9a       	sbi	0x18, 1	; 24
     edc:	ea cf       	rjmp	.-44     	; 0xeb2 <_Z3runv+0xf0>
			break;
		case 0x2:
			LED3_PORT |= (LED3_OFFSET);
     ede:	c2 9a       	sbi	0x18, 2	; 24
     ee0:	e8 cf       	rjmp	.-48     	; 0xeb2 <_Z3runv+0xf0>
			break;
		case 0x3:
			LED4_PORT |= (LED4_OFFSET);
     ee2:	c3 9a       	sbi	0x18, 3	; 24
     ee4:	e6 cf       	rjmp	.-52     	; 0xeb2 <_Z3runv+0xf0>
			break;
		case 0x4:
			LED5_PORT |= (LED5_OFFSET);
     ee6:	c4 9a       	sbi	0x18, 4	; 24
     ee8:	02 c0       	rjmp	.+4      	; 0xeee <_Z3runv+0x12c>
	}
	//*((uint8_t*)pgm_read_word_near(LED_PORTS + led_num)) = *((uint8_t*)pgm_read_word_near(LED_PORTS + led_num)) & ~(LED_OFFSETS[led_num]);
}

inline void all_off(void){
	for(uint8_t i = 0; i < NUM_LEDS; i++){
     eea:	95 30       	cpi	r25, 0x05	; 5
     eec:	10 f3       	brcs	.-60     	; 0xeb2 <_Z3runv+0xf0>
}

inline void led_error(uint8_t led_num){
	all_off();
	//for(uint8_t i = 0; i < 5; i++){
	if(run_mode != 2) return;
     eee:	80 91 d9 00 	lds	r24, 0x00D9	; 0x8000d9 <run_mode>
     ef2:	82 30       	cpi	r24, 0x02	; 2
     ef4:	09 f0       	breq	.+2      	; 0xef8 <_Z3runv+0x136>
     ef6:	69 cf       	rjmp	.-302    	; 0xdca <_Z3runv+0x8>
//----------LED UTILITY---------------	

inline void led_on(uint8_t led_num){
	switch(led_num){
		case 0x0:
			LED1_PORT &= ~(LED1_OFFSET);
     ef8:	c0 98       	cbi	0x18, 0	; 24
	switch(led_num){
		case 0x0:
			LED1_PORT |= (LED1_OFFSET);
			break;
		case 0x1:
			LED2_PORT |= (LED2_OFFSET);
     efa:	c1 9a       	sbi	0x18, 1	; 24
     efc:	2f ef       	ldi	r18, 0xFF	; 255
     efe:	80 e7       	ldi	r24, 0x70	; 112
     f00:	92 e0       	ldi	r25, 0x02	; 2
     f02:	21 50       	subi	r18, 0x01	; 1
     f04:	80 40       	sbci	r24, 0x00	; 0
     f06:	90 40       	sbci	r25, 0x00	; 0
     f08:	e1 f7       	brne	.-8      	; 0xf02 <_Z3runv+0x140>
     f0a:	00 c0       	rjmp	.+0      	; 0xf0c <_Z3runv+0x14a>
     f0c:	00 00       	nop


inline void led_off(uint8_t led_num){
	switch(led_num){
		case 0x0:
			LED1_PORT |= (LED1_OFFSET);
     f0e:	c0 9a       	sbi	0x18, 0	; 24
	switch(led_num){
		case 0x0:
			LED1_PORT &= ~(LED1_OFFSET);
			break;
		case 0x1:
			LED2_PORT &= ~(LED2_OFFSET);
     f10:	c1 98       	cbi	0x18, 1	; 24
     f12:	2f ef       	ldi	r18, 0xFF	; 255
     f14:	80 e7       	ldi	r24, 0x70	; 112
     f16:	92 e0       	ldi	r25, 0x02	; 2
     f18:	21 50       	subi	r18, 0x01	; 1
     f1a:	80 40       	sbci	r24, 0x00	; 0
     f1c:	90 40       	sbci	r25, 0x00	; 0
     f1e:	e1 f7       	brne	.-8      	; 0xf18 <_Z3runv+0x156>
     f20:	00 c0       	rjmp	.+0      	; 0xf22 <_Z3runv+0x160>
     f22:	00 00       	nop
//----------LED UTILITY---------------	

inline void led_on(uint8_t led_num){
	switch(led_num){
		case 0x0:
			LED1_PORT &= ~(LED1_OFFSET);
     f24:	c0 98       	cbi	0x18, 0	; 24
	switch(led_num){
		case 0x0:
			LED1_PORT |= (LED1_OFFSET);
			break;
		case 0x1:
			LED2_PORT |= (LED2_OFFSET);
     f26:	c1 9a       	sbi	0x18, 1	; 24
     f28:	2f ef       	ldi	r18, 0xFF	; 255
     f2a:	80 e7       	ldi	r24, 0x70	; 112
     f2c:	92 e0       	ldi	r25, 0x02	; 2
     f2e:	21 50       	subi	r18, 0x01	; 1
     f30:	80 40       	sbci	r24, 0x00	; 0
     f32:	90 40       	sbci	r25, 0x00	; 0
     f34:	e1 f7       	brne	.-8      	; 0xf2e <_Z3runv+0x16c>
     f36:	00 c0       	rjmp	.+0      	; 0xf38 <_Z3runv+0x176>
     f38:	00 00       	nop


inline void led_off(uint8_t led_num){
	switch(led_num){
		case 0x0:
			LED1_PORT |= (LED1_OFFSET);
     f3a:	c0 9a       	sbi	0x18, 0	; 24
			break;
		case 0x1:
			LED2_PORT |= (LED2_OFFSET);
     f3c:	c1 9a       	sbi	0x18, 1	; 24
     f3e:	45 cf       	rjmp	.-374    	; 0xdca <_Z3runv+0x8>

00000f40 <_Z4initv>:
}


void init(void){
	// set main clock prescaler to 1 for highest cpu speed
	CLKPR = (1<<CLKPCE);
     f40:	80 e8       	ldi	r24, 0x80	; 128
     f42:	86 bd       	out	0x26, r24	; 38
	CLKPR = 0;
     f44:	16 bc       	out	0x26, r1	; 38
	
	init_leds();
     f46:	ca d8       	rcall	.-3692   	; 0xdc <_Z9init_ledsv>
     f48:	08 95       	ret

00000f4a <main>:
     f4a:	8f eb       	ldi	r24, 0xBF	; 191
     f4c:	9d e5       	ldi	r25, 0x5D	; 93
     f4e:	01 97       	sbiw	r24, 0x01	; 1
     f50:	f1 f7       	brne	.-4      	; 0xf4e <main+0x4>
     f52:	00 c0       	rjmp	.+0      	; 0xf54 <main+0xa>
     f54:	00 00       	nop

int main(void)
{	
	_delay_ms(100/8);
	
	init();	
     f56:	f4 df       	rcall	.-24     	; 0xf40 <_Z4initv>
	
	test_leds();
     f58:	7e d8       	rcall	.-3844   	; 0x56 <_Z9test_ledsv>
	
	// handle quick power on/off to select a mode
	uint8_t mode = EEPROM_read(0xff);
     f5a:	8f ef       	ldi	r24, 0xFF	; 255
     f5c:	cd d9       	rcall	.-3174   	; 0x2f8 <_Z11EEPROM_readh>
     f5e:	c8 2f       	mov	r28, r24
	if(mode > 4) mode = 0;
     f60:	85 30       	cpi	r24, 0x05	; 5
     f62:	18 f4       	brcc	.+6      	; 0xf6a <main+0x20>
	
	if(mode < 4) led_on(0);
     f64:	84 30       	cpi	r24, 0x04	; 4
     f66:	20 f4       	brcc	.+8      	; 0xf70 <main+0x26>
     f68:	01 c0       	rjmp	.+2      	; 0xf6c <main+0x22>
	
	test_leds();
	
	// handle quick power on/off to select a mode
	uint8_t mode = EEPROM_read(0xff);
	if(mode > 4) mode = 0;
     f6a:	c0 e0       	ldi	r28, 0x00	; 0
//----------LED UTILITY---------------	

inline void led_on(uint8_t led_num){
	switch(led_num){
		case 0x0:
			LED1_PORT &= ~(LED1_OFFSET);
     f6c:	c0 98       	cbi	0x18, 0	; 24
     f6e:	01 c0       	rjmp	.+2      	; 0xf72 <main+0x28>
			break;
		case 0x3:
			LED4_PORT &= ~(LED4_OFFSET);
			break;
		case 0x4:
			LED5_PORT &= ~(LED5_OFFSET);
     f70:	c4 98       	cbi	0x18, 4	; 24
	if(mode > 4) mode = 0;
	
	if(mode < 4) led_on(0);
	else led_on(4);
	
	if(mode+1 > 4){
     f72:	8c 2f       	mov	r24, r28
     f74:	90 e0       	ldi	r25, 0x00	; 0
     f76:	01 96       	adiw	r24, 0x01	; 1
     f78:	05 97       	sbiw	r24, 0x05	; 5
     f7a:	24 f0       	brlt	.+8      	; 0xf84 <main+0x3a>
		EEPROM_write(0xff, 0);
     f7c:	60 e0       	ldi	r22, 0x00	; 0
     f7e:	8f ef       	ldi	r24, 0xFF	; 255
     f80:	b3 d9       	rcall	.-3226   	; 0x2e8 <_Z12EEPROM_writehh>
     f82:	04 c0       	rjmp	.+8      	; 0xf8c <main+0x42>
	}
	else{
		EEPROM_write(0xff, mode+1);
     f84:	61 e0       	ldi	r22, 0x01	; 1
     f86:	6c 0f       	add	r22, r28
     f88:	8f ef       	ldi	r24, 0xFF	; 255
     f8a:	ae d9       	rcall	.-3236   	; 0x2e8 <_Z12EEPROM_writehh>
     f8c:	9f ef       	ldi	r25, 0xFF	; 255
     f8e:	29 e6       	ldi	r18, 0x69	; 105
     f90:	38 e1       	ldi	r19, 0x18	; 24
     f92:	91 50       	subi	r25, 0x01	; 1
     f94:	20 40       	sbci	r18, 0x00	; 0
     f96:	30 40       	sbci	r19, 0x00	; 0
     f98:	e1 f7       	brne	.-8      	; 0xf92 <main+0x48>
     f9a:	00 c0       	rjmp	.+0      	; 0xf9c <main+0x52>
     f9c:	00 00       	nop
	}
	
	_delay_ms(1000);
	EEPROM_write(0xff, 0);
     f9e:	60 e0       	ldi	r22, 0x00	; 0
     fa0:	8f ef       	ldi	r24, 0xFF	; 255
     fa2:	a2 d9       	rcall	.-3260   	; 0x2e8 <_Z12EEPROM_writehh>
     fa4:	91 e0       	ldi	r25, 0x01	; 1
     fa6:	01 c0       	rjmp	.+2      	; 0xfaa <main+0x60>
     fa8:	9f 5f       	subi	r25, 0xFF	; 255
	//*((uint8_t*)pgm_read_word_near(LED_PORTS + led_num)) =  *((uint8_t*)pgm_read_word_near(LED_PORTS + led_num)) | LED_OFFSETS[led_num];
}


inline void led_off(uint8_t led_num){
	switch(led_num){
     faa:	8f ef       	ldi	r24, 0xFF	; 255
     fac:	89 0f       	add	r24, r25
     fae:	82 30       	cpi	r24, 0x02	; 2
     fb0:	79 f0       	breq	.+30     	; 0xfd0 <main+0x86>
     fb2:	28 f4       	brcc	.+10     	; 0xfbe <main+0x74>
     fb4:	88 23       	and	r24, r24
     fb6:	41 f0       	breq	.+16     	; 0xfc8 <main+0x7e>
     fb8:	81 30       	cpi	r24, 0x01	; 1
     fba:	41 f0       	breq	.+16     	; 0xfcc <main+0x82>
     fbc:	0f c0       	rjmp	.+30     	; 0xfdc <main+0x92>
     fbe:	83 30       	cpi	r24, 0x03	; 3
     fc0:	49 f0       	breq	.+18     	; 0xfd4 <main+0x8a>
     fc2:	84 30       	cpi	r24, 0x04	; 4
     fc4:	49 f0       	breq	.+18     	; 0xfd8 <main+0x8e>
     fc6:	0a c0       	rjmp	.+20     	; 0xfdc <main+0x92>
		case 0x0:
			LED1_PORT |= (LED1_OFFSET);
     fc8:	c0 9a       	sbi	0x18, 0	; 24
     fca:	ee cf       	rjmp	.-36     	; 0xfa8 <main+0x5e>
			break;
		case 0x1:
			LED2_PORT |= (LED2_OFFSET);
     fcc:	c1 9a       	sbi	0x18, 1	; 24
     fce:	ec cf       	rjmp	.-40     	; 0xfa8 <main+0x5e>
			break;
		case 0x2:
			LED3_PORT |= (LED3_OFFSET);
     fd0:	c2 9a       	sbi	0x18, 2	; 24
     fd2:	ea cf       	rjmp	.-44     	; 0xfa8 <main+0x5e>
			break;
		case 0x3:
			LED4_PORT |= (LED4_OFFSET);
     fd4:	c3 9a       	sbi	0x18, 3	; 24
     fd6:	e8 cf       	rjmp	.-48     	; 0xfa8 <main+0x5e>
			break;
		case 0x4:
			LED5_PORT |= (LED5_OFFSET);
     fd8:	c4 9a       	sbi	0x18, 4	; 24
     fda:	02 c0       	rjmp	.+4      	; 0xfe0 <main+0x96>
	}
	//*((uint8_t*)pgm_read_word_near(LED_PORTS + led_num)) = *((uint8_t*)pgm_read_word_near(LED_PORTS + led_num)) & ~(LED_OFFSETS[led_num]);
}

inline void all_off(void){
	for(uint8_t i = 0; i < NUM_LEDS; i++){
     fdc:	95 30       	cpi	r25, 0x05	; 5
     fde:	20 f3       	brcs	.-56     	; 0xfa8 <main+0x5e>
	
	//mode = 2;	// for testing
	
    while(1) 
    {
		switch(mode){
     fe0:	c4 30       	cpi	r28, 0x04	; 4
     fe2:	d1 f4       	brne	.+52     	; 0x1018 <main+0xce>
			
			// erase EEPROM after 5 button presses
			case 4:	
				EEPROM_write(0, 0xff);	// just clear the frame size, no need to clear the entire frame memory
     fe4:	6f ef       	ldi	r22, 0xFF	; 255
     fe6:	80 e0       	ldi	r24, 0x00	; 0
     fe8:	7f d9       	rcall	.-3330   	; 0x2e8 <_Z12EEPROM_writehh>
     fea:	85 e0       	ldi	r24, 0x05	; 5
			break;
		case 0x3:
			LED4_PORT &= ~(LED4_OFFSET);
			break;
		case 0x4:
			LED5_PORT &= ~(LED5_OFFSET);
     fec:	c4 98       	cbi	0x18, 4	; 24
     fee:	9f ef       	ldi	r25, 0xFF	; 255
     ff0:	21 ee       	ldi	r18, 0xE1	; 225
     ff2:	34 e0       	ldi	r19, 0x04	; 4
     ff4:	91 50       	subi	r25, 0x01	; 1
     ff6:	20 40       	sbci	r18, 0x00	; 0
     ff8:	30 40       	sbci	r19, 0x00	; 0
     ffa:	e1 f7       	brne	.-8      	; 0xff4 <main+0xaa>
     ffc:	00 c0       	rjmp	.+0      	; 0xffe <main+0xb4>
     ffe:	00 00       	nop
			break;
		case 0x3:
			LED4_PORT |= (LED4_OFFSET);
			break;
		case 0x4:
			LED5_PORT |= (LED5_OFFSET);
    1000:	c4 9a       	sbi	0x18, 4	; 24
    1002:	9f ef       	ldi	r25, 0xFF	; 255
    1004:	21 ee       	ldi	r18, 0xE1	; 225
    1006:	34 e0       	ldi	r19, 0x04	; 4
    1008:	91 50       	subi	r25, 0x01	; 1
    100a:	20 40       	sbci	r18, 0x00	; 0
    100c:	30 40       	sbci	r19, 0x00	; 0
    100e:	e1 f7       	brne	.-8      	; 0x1008 <main+0xbe>
    1010:	00 c0       	rjmp	.+0      	; 0x1012 <main+0xc8>
    1012:	00 00       	nop
    1014:	81 50       	subi	r24, 0x01	; 1
			
			// erase EEPROM after 5 button presses
			case 4:	
				EEPROM_write(0, 0xff);	// just clear the frame size, no need to clear the entire frame memory
				mode = 0;
				for(uint8_t i = 0; i < 5; i++){
    1016:	51 f7       	brne	.-44     	; 0xfec <main+0xa2>
				}
				break;
			// normal mode
			default:
				mode = 0;
				run();
    1018:	d4 de       	rcall	.-600    	; 0xdc2 <_Z3runv>

0000101a <__subsf3>:
    101a:	50 58       	subi	r21, 0x80	; 128

0000101c <__addsf3>:
    101c:	bb 27       	eor	r27, r27
    101e:	aa 27       	eor	r26, r26
    1020:	0e d0       	rcall	.+28     	; 0x103e <__addsf3x>
    1022:	08 c1       	rjmp	.+528    	; 0x1234 <__fp_round>
    1024:	f9 d0       	rcall	.+498    	; 0x1218 <__fp_pscA>
    1026:	30 f0       	brcs	.+12     	; 0x1034 <__addsf3+0x18>
    1028:	fe d0       	rcall	.+508    	; 0x1226 <__fp_pscB>
    102a:	20 f0       	brcs	.+8      	; 0x1034 <__addsf3+0x18>
    102c:	31 f4       	brne	.+12     	; 0x103a <__addsf3+0x1e>
    102e:	9f 3f       	cpi	r25, 0xFF	; 255
    1030:	11 f4       	brne	.+4      	; 0x1036 <__addsf3+0x1a>
    1032:	1e f4       	brtc	.+6      	; 0x103a <__addsf3+0x1e>
    1034:	ee c0       	rjmp	.+476    	; 0x1212 <__fp_nan>
    1036:	0e f4       	brtc	.+2      	; 0x103a <__addsf3+0x1e>
    1038:	e0 95       	com	r30
    103a:	e7 fb       	bst	r30, 7
    103c:	e4 c0       	rjmp	.+456    	; 0x1206 <__fp_inf>

0000103e <__addsf3x>:
    103e:	e9 2f       	mov	r30, r25
    1040:	0a d1       	rcall	.+532    	; 0x1256 <__fp_split3>
    1042:	80 f3       	brcs	.-32     	; 0x1024 <__addsf3+0x8>
    1044:	ba 17       	cp	r27, r26
    1046:	62 07       	cpc	r22, r18
    1048:	73 07       	cpc	r23, r19
    104a:	84 07       	cpc	r24, r20
    104c:	95 07       	cpc	r25, r21
    104e:	18 f0       	brcs	.+6      	; 0x1056 <__addsf3x+0x18>
    1050:	71 f4       	brne	.+28     	; 0x106e <__addsf3x+0x30>
    1052:	9e f5       	brtc	.+102    	; 0x10ba <__addsf3x+0x7c>
    1054:	22 c1       	rjmp	.+580    	; 0x129a <__fp_zero>
    1056:	0e f4       	brtc	.+2      	; 0x105a <__addsf3x+0x1c>
    1058:	e0 95       	com	r30
    105a:	0b 2e       	mov	r0, r27
    105c:	ba 2f       	mov	r27, r26
    105e:	a0 2d       	mov	r26, r0
    1060:	0b 01       	movw	r0, r22
    1062:	b9 01       	movw	r22, r18
    1064:	90 01       	movw	r18, r0
    1066:	0c 01       	movw	r0, r24
    1068:	ca 01       	movw	r24, r20
    106a:	a0 01       	movw	r20, r0
    106c:	11 24       	eor	r1, r1
    106e:	ff 27       	eor	r31, r31
    1070:	59 1b       	sub	r21, r25
    1072:	99 f0       	breq	.+38     	; 0x109a <__addsf3x+0x5c>
    1074:	59 3f       	cpi	r21, 0xF9	; 249
    1076:	50 f4       	brcc	.+20     	; 0x108c <__addsf3x+0x4e>
    1078:	50 3e       	cpi	r21, 0xE0	; 224
    107a:	68 f1       	brcs	.+90     	; 0x10d6 <__addsf3x+0x98>
    107c:	1a 16       	cp	r1, r26
    107e:	f0 40       	sbci	r31, 0x00	; 0
    1080:	a2 2f       	mov	r26, r18
    1082:	23 2f       	mov	r18, r19
    1084:	34 2f       	mov	r19, r20
    1086:	44 27       	eor	r20, r20
    1088:	58 5f       	subi	r21, 0xF8	; 248
    108a:	f3 cf       	rjmp	.-26     	; 0x1072 <__addsf3x+0x34>
    108c:	46 95       	lsr	r20
    108e:	37 95       	ror	r19
    1090:	27 95       	ror	r18
    1092:	a7 95       	ror	r26
    1094:	f0 40       	sbci	r31, 0x00	; 0
    1096:	53 95       	inc	r21
    1098:	c9 f7       	brne	.-14     	; 0x108c <__addsf3x+0x4e>
    109a:	7e f4       	brtc	.+30     	; 0x10ba <__addsf3x+0x7c>
    109c:	1f 16       	cp	r1, r31
    109e:	ba 0b       	sbc	r27, r26
    10a0:	62 0b       	sbc	r22, r18
    10a2:	73 0b       	sbc	r23, r19
    10a4:	84 0b       	sbc	r24, r20
    10a6:	ba f0       	brmi	.+46     	; 0x10d6 <__addsf3x+0x98>
    10a8:	91 50       	subi	r25, 0x01	; 1
    10aa:	a1 f0       	breq	.+40     	; 0x10d4 <__addsf3x+0x96>
    10ac:	ff 0f       	add	r31, r31
    10ae:	bb 1f       	adc	r27, r27
    10b0:	66 1f       	adc	r22, r22
    10b2:	77 1f       	adc	r23, r23
    10b4:	88 1f       	adc	r24, r24
    10b6:	c2 f7       	brpl	.-16     	; 0x10a8 <__addsf3x+0x6a>
    10b8:	0e c0       	rjmp	.+28     	; 0x10d6 <__addsf3x+0x98>
    10ba:	ba 0f       	add	r27, r26
    10bc:	62 1f       	adc	r22, r18
    10be:	73 1f       	adc	r23, r19
    10c0:	84 1f       	adc	r24, r20
    10c2:	48 f4       	brcc	.+18     	; 0x10d6 <__addsf3x+0x98>
    10c4:	87 95       	ror	r24
    10c6:	77 95       	ror	r23
    10c8:	67 95       	ror	r22
    10ca:	b7 95       	ror	r27
    10cc:	f7 95       	ror	r31
    10ce:	9e 3f       	cpi	r25, 0xFE	; 254
    10d0:	08 f0       	brcs	.+2      	; 0x10d4 <__addsf3x+0x96>
    10d2:	b3 cf       	rjmp	.-154    	; 0x103a <__addsf3+0x1e>
    10d4:	93 95       	inc	r25
    10d6:	88 0f       	add	r24, r24
    10d8:	08 f0       	brcs	.+2      	; 0x10dc <__addsf3x+0x9e>
    10da:	99 27       	eor	r25, r25
    10dc:	ee 0f       	add	r30, r30
    10de:	97 95       	ror	r25
    10e0:	87 95       	ror	r24
    10e2:	08 95       	ret

000010e4 <__cmpsf2>:
    10e4:	6c d0       	rcall	.+216    	; 0x11be <__fp_cmp>
    10e6:	08 f4       	brcc	.+2      	; 0x10ea <__cmpsf2+0x6>
    10e8:	81 e0       	ldi	r24, 0x01	; 1
    10ea:	08 95       	ret

000010ec <__fixunssfsi>:
    10ec:	bc d0       	rcall	.+376    	; 0x1266 <__fp_splitA>
    10ee:	88 f0       	brcs	.+34     	; 0x1112 <__fixunssfsi+0x26>
    10f0:	9f 57       	subi	r25, 0x7F	; 127
    10f2:	90 f0       	brcs	.+36     	; 0x1118 <__fixunssfsi+0x2c>
    10f4:	b9 2f       	mov	r27, r25
    10f6:	99 27       	eor	r25, r25
    10f8:	b7 51       	subi	r27, 0x17	; 23
    10fa:	a0 f0       	brcs	.+40     	; 0x1124 <__fixunssfsi+0x38>
    10fc:	d1 f0       	breq	.+52     	; 0x1132 <__fixunssfsi+0x46>
    10fe:	66 0f       	add	r22, r22
    1100:	77 1f       	adc	r23, r23
    1102:	88 1f       	adc	r24, r24
    1104:	99 1f       	adc	r25, r25
    1106:	1a f0       	brmi	.+6      	; 0x110e <__fixunssfsi+0x22>
    1108:	ba 95       	dec	r27
    110a:	c9 f7       	brne	.-14     	; 0x10fe <__fixunssfsi+0x12>
    110c:	12 c0       	rjmp	.+36     	; 0x1132 <__fixunssfsi+0x46>
    110e:	b1 30       	cpi	r27, 0x01	; 1
    1110:	81 f0       	breq	.+32     	; 0x1132 <__fixunssfsi+0x46>
    1112:	c3 d0       	rcall	.+390    	; 0x129a <__fp_zero>
    1114:	b1 e0       	ldi	r27, 0x01	; 1
    1116:	08 95       	ret
    1118:	c0 c0       	rjmp	.+384    	; 0x129a <__fp_zero>
    111a:	67 2f       	mov	r22, r23
    111c:	78 2f       	mov	r23, r24
    111e:	88 27       	eor	r24, r24
    1120:	b8 5f       	subi	r27, 0xF8	; 248
    1122:	39 f0       	breq	.+14     	; 0x1132 <__fixunssfsi+0x46>
    1124:	b9 3f       	cpi	r27, 0xF9	; 249
    1126:	cc f3       	brlt	.-14     	; 0x111a <__fixunssfsi+0x2e>
    1128:	86 95       	lsr	r24
    112a:	77 95       	ror	r23
    112c:	67 95       	ror	r22
    112e:	b3 95       	inc	r27
    1130:	d9 f7       	brne	.-10     	; 0x1128 <__fixunssfsi+0x3c>
    1132:	3e f4       	brtc	.+14     	; 0x1142 <__fixunssfsi+0x56>
    1134:	90 95       	com	r25
    1136:	80 95       	com	r24
    1138:	70 95       	com	r23
    113a:	61 95       	neg	r22
    113c:	7f 4f       	sbci	r23, 0xFF	; 255
    113e:	8f 4f       	sbci	r24, 0xFF	; 255
    1140:	9f 4f       	sbci	r25, 0xFF	; 255
    1142:	08 95       	ret

00001144 <__floatunsisf>:
    1144:	e8 94       	clt
    1146:	09 c0       	rjmp	.+18     	; 0x115a <__floatsisf+0x12>

00001148 <__floatsisf>:
    1148:	97 fb       	bst	r25, 7
    114a:	3e f4       	brtc	.+14     	; 0x115a <__floatsisf+0x12>
    114c:	90 95       	com	r25
    114e:	80 95       	com	r24
    1150:	70 95       	com	r23
    1152:	61 95       	neg	r22
    1154:	7f 4f       	sbci	r23, 0xFF	; 255
    1156:	8f 4f       	sbci	r24, 0xFF	; 255
    1158:	9f 4f       	sbci	r25, 0xFF	; 255
    115a:	99 23       	and	r25, r25
    115c:	a9 f0       	breq	.+42     	; 0x1188 <__floatsisf+0x40>
    115e:	f9 2f       	mov	r31, r25
    1160:	96 e9       	ldi	r25, 0x96	; 150
    1162:	bb 27       	eor	r27, r27
    1164:	93 95       	inc	r25
    1166:	f6 95       	lsr	r31
    1168:	87 95       	ror	r24
    116a:	77 95       	ror	r23
    116c:	67 95       	ror	r22
    116e:	b7 95       	ror	r27
    1170:	f1 11       	cpse	r31, r1
    1172:	f8 cf       	rjmp	.-16     	; 0x1164 <__floatsisf+0x1c>
    1174:	fa f4       	brpl	.+62     	; 0x11b4 <__floatsisf+0x6c>
    1176:	bb 0f       	add	r27, r27
    1178:	11 f4       	brne	.+4      	; 0x117e <__floatsisf+0x36>
    117a:	60 ff       	sbrs	r22, 0
    117c:	1b c0       	rjmp	.+54     	; 0x11b4 <__floatsisf+0x6c>
    117e:	6f 5f       	subi	r22, 0xFF	; 255
    1180:	7f 4f       	sbci	r23, 0xFF	; 255
    1182:	8f 4f       	sbci	r24, 0xFF	; 255
    1184:	9f 4f       	sbci	r25, 0xFF	; 255
    1186:	16 c0       	rjmp	.+44     	; 0x11b4 <__floatsisf+0x6c>
    1188:	88 23       	and	r24, r24
    118a:	11 f0       	breq	.+4      	; 0x1190 <__floatsisf+0x48>
    118c:	96 e9       	ldi	r25, 0x96	; 150
    118e:	11 c0       	rjmp	.+34     	; 0x11b2 <__floatsisf+0x6a>
    1190:	77 23       	and	r23, r23
    1192:	21 f0       	breq	.+8      	; 0x119c <__floatsisf+0x54>
    1194:	9e e8       	ldi	r25, 0x8E	; 142
    1196:	87 2f       	mov	r24, r23
    1198:	76 2f       	mov	r23, r22
    119a:	05 c0       	rjmp	.+10     	; 0x11a6 <__floatsisf+0x5e>
    119c:	66 23       	and	r22, r22
    119e:	71 f0       	breq	.+28     	; 0x11bc <__floatsisf+0x74>
    11a0:	96 e8       	ldi	r25, 0x86	; 134
    11a2:	86 2f       	mov	r24, r22
    11a4:	70 e0       	ldi	r23, 0x00	; 0
    11a6:	60 e0       	ldi	r22, 0x00	; 0
    11a8:	2a f0       	brmi	.+10     	; 0x11b4 <__floatsisf+0x6c>
    11aa:	9a 95       	dec	r25
    11ac:	66 0f       	add	r22, r22
    11ae:	77 1f       	adc	r23, r23
    11b0:	88 1f       	adc	r24, r24
    11b2:	da f7       	brpl	.-10     	; 0x11aa <__floatsisf+0x62>
    11b4:	88 0f       	add	r24, r24
    11b6:	96 95       	lsr	r25
    11b8:	87 95       	ror	r24
    11ba:	97 f9       	bld	r25, 7
    11bc:	08 95       	ret

000011be <__fp_cmp>:
    11be:	99 0f       	add	r25, r25
    11c0:	00 08       	sbc	r0, r0
    11c2:	55 0f       	add	r21, r21
    11c4:	aa 0b       	sbc	r26, r26
    11c6:	e0 e8       	ldi	r30, 0x80	; 128
    11c8:	fe ef       	ldi	r31, 0xFE	; 254
    11ca:	16 16       	cp	r1, r22
    11cc:	17 06       	cpc	r1, r23
    11ce:	e8 07       	cpc	r30, r24
    11d0:	f9 07       	cpc	r31, r25
    11d2:	c0 f0       	brcs	.+48     	; 0x1204 <__fp_cmp+0x46>
    11d4:	12 16       	cp	r1, r18
    11d6:	13 06       	cpc	r1, r19
    11d8:	e4 07       	cpc	r30, r20
    11da:	f5 07       	cpc	r31, r21
    11dc:	98 f0       	brcs	.+38     	; 0x1204 <__fp_cmp+0x46>
    11de:	62 1b       	sub	r22, r18
    11e0:	73 0b       	sbc	r23, r19
    11e2:	84 0b       	sbc	r24, r20
    11e4:	95 0b       	sbc	r25, r21
    11e6:	39 f4       	brne	.+14     	; 0x11f6 <__fp_cmp+0x38>
    11e8:	0a 26       	eor	r0, r26
    11ea:	61 f0       	breq	.+24     	; 0x1204 <__fp_cmp+0x46>
    11ec:	23 2b       	or	r18, r19
    11ee:	24 2b       	or	r18, r20
    11f0:	25 2b       	or	r18, r21
    11f2:	21 f4       	brne	.+8      	; 0x11fc <__fp_cmp+0x3e>
    11f4:	08 95       	ret
    11f6:	0a 26       	eor	r0, r26
    11f8:	09 f4       	brne	.+2      	; 0x11fc <__fp_cmp+0x3e>
    11fa:	a1 40       	sbci	r26, 0x01	; 1
    11fc:	a6 95       	lsr	r26
    11fe:	8f ef       	ldi	r24, 0xFF	; 255
    1200:	81 1d       	adc	r24, r1
    1202:	81 1d       	adc	r24, r1
    1204:	08 95       	ret

00001206 <__fp_inf>:
    1206:	97 f9       	bld	r25, 7
    1208:	9f 67       	ori	r25, 0x7F	; 127
    120a:	80 e8       	ldi	r24, 0x80	; 128
    120c:	70 e0       	ldi	r23, 0x00	; 0
    120e:	60 e0       	ldi	r22, 0x00	; 0
    1210:	08 95       	ret

00001212 <__fp_nan>:
    1212:	9f ef       	ldi	r25, 0xFF	; 255
    1214:	80 ec       	ldi	r24, 0xC0	; 192
    1216:	08 95       	ret

00001218 <__fp_pscA>:
    1218:	00 24       	eor	r0, r0
    121a:	0a 94       	dec	r0
    121c:	16 16       	cp	r1, r22
    121e:	17 06       	cpc	r1, r23
    1220:	18 06       	cpc	r1, r24
    1222:	09 06       	cpc	r0, r25
    1224:	08 95       	ret

00001226 <__fp_pscB>:
    1226:	00 24       	eor	r0, r0
    1228:	0a 94       	dec	r0
    122a:	12 16       	cp	r1, r18
    122c:	13 06       	cpc	r1, r19
    122e:	14 06       	cpc	r1, r20
    1230:	05 06       	cpc	r0, r21
    1232:	08 95       	ret

00001234 <__fp_round>:
    1234:	09 2e       	mov	r0, r25
    1236:	03 94       	inc	r0
    1238:	00 0c       	add	r0, r0
    123a:	11 f4       	brne	.+4      	; 0x1240 <__fp_round+0xc>
    123c:	88 23       	and	r24, r24
    123e:	52 f0       	brmi	.+20     	; 0x1254 <__fp_round+0x20>
    1240:	bb 0f       	add	r27, r27
    1242:	40 f4       	brcc	.+16     	; 0x1254 <__fp_round+0x20>
    1244:	bf 2b       	or	r27, r31
    1246:	11 f4       	brne	.+4      	; 0x124c <__fp_round+0x18>
    1248:	60 ff       	sbrs	r22, 0
    124a:	04 c0       	rjmp	.+8      	; 0x1254 <__fp_round+0x20>
    124c:	6f 5f       	subi	r22, 0xFF	; 255
    124e:	7f 4f       	sbci	r23, 0xFF	; 255
    1250:	8f 4f       	sbci	r24, 0xFF	; 255
    1252:	9f 4f       	sbci	r25, 0xFF	; 255
    1254:	08 95       	ret

00001256 <__fp_split3>:
    1256:	57 fd       	sbrc	r21, 7
    1258:	90 58       	subi	r25, 0x80	; 128
    125a:	44 0f       	add	r20, r20
    125c:	55 1f       	adc	r21, r21
    125e:	59 f0       	breq	.+22     	; 0x1276 <__fp_splitA+0x10>
    1260:	5f 3f       	cpi	r21, 0xFF	; 255
    1262:	71 f0       	breq	.+28     	; 0x1280 <__fp_splitA+0x1a>
    1264:	47 95       	ror	r20

00001266 <__fp_splitA>:
    1266:	88 0f       	add	r24, r24
    1268:	97 fb       	bst	r25, 7
    126a:	99 1f       	adc	r25, r25
    126c:	61 f0       	breq	.+24     	; 0x1286 <__fp_splitA+0x20>
    126e:	9f 3f       	cpi	r25, 0xFF	; 255
    1270:	79 f0       	breq	.+30     	; 0x1290 <__fp_splitA+0x2a>
    1272:	87 95       	ror	r24
    1274:	08 95       	ret
    1276:	12 16       	cp	r1, r18
    1278:	13 06       	cpc	r1, r19
    127a:	14 06       	cpc	r1, r20
    127c:	55 1f       	adc	r21, r21
    127e:	f2 cf       	rjmp	.-28     	; 0x1264 <__fp_split3+0xe>
    1280:	46 95       	lsr	r20
    1282:	f1 df       	rcall	.-30     	; 0x1266 <__fp_splitA>
    1284:	08 c0       	rjmp	.+16     	; 0x1296 <__fp_splitA+0x30>
    1286:	16 16       	cp	r1, r22
    1288:	17 06       	cpc	r1, r23
    128a:	18 06       	cpc	r1, r24
    128c:	99 1f       	adc	r25, r25
    128e:	f1 cf       	rjmp	.-30     	; 0x1272 <__fp_splitA+0xc>
    1290:	86 95       	lsr	r24
    1292:	71 05       	cpc	r23, r1
    1294:	61 05       	cpc	r22, r1
    1296:	08 94       	sec
    1298:	08 95       	ret

0000129a <__fp_zero>:
    129a:	e8 94       	clt

0000129c <__fp_szero>:
    129c:	bb 27       	eor	r27, r27
    129e:	66 27       	eor	r22, r22
    12a0:	77 27       	eor	r23, r23
    12a2:	cb 01       	movw	r24, r22
    12a4:	97 f9       	bld	r25, 7
    12a6:	08 95       	ret

000012a8 <__gesf2>:
    12a8:	8a df       	rcall	.-236    	; 0x11be <__fp_cmp>
    12aa:	08 f4       	brcc	.+2      	; 0x12ae <__gesf2+0x6>
    12ac:	8f ef       	ldi	r24, 0xFF	; 255
    12ae:	08 95       	ret

000012b0 <__mulsf3>:
    12b0:	0a d0       	rcall	.+20     	; 0x12c6 <__mulsf3x>
    12b2:	c0 cf       	rjmp	.-128    	; 0x1234 <__fp_round>
    12b4:	b1 df       	rcall	.-158    	; 0x1218 <__fp_pscA>
    12b6:	28 f0       	brcs	.+10     	; 0x12c2 <__mulsf3+0x12>
    12b8:	b6 df       	rcall	.-148    	; 0x1226 <__fp_pscB>
    12ba:	18 f0       	brcs	.+6      	; 0x12c2 <__mulsf3+0x12>
    12bc:	95 23       	and	r25, r21
    12be:	09 f0       	breq	.+2      	; 0x12c2 <__mulsf3+0x12>
    12c0:	a2 cf       	rjmp	.-188    	; 0x1206 <__fp_inf>
    12c2:	a7 cf       	rjmp	.-178    	; 0x1212 <__fp_nan>
    12c4:	eb cf       	rjmp	.-42     	; 0x129c <__fp_szero>

000012c6 <__mulsf3x>:
    12c6:	c7 df       	rcall	.-114    	; 0x1256 <__fp_split3>
    12c8:	a8 f3       	brcs	.-22     	; 0x12b4 <__mulsf3+0x4>

000012ca <__mulsf3_pse>:
    12ca:	99 23       	and	r25, r25
    12cc:	d9 f3       	breq	.-10     	; 0x12c4 <__mulsf3+0x14>
    12ce:	55 23       	and	r21, r21
    12d0:	c9 f3       	breq	.-14     	; 0x12c4 <__mulsf3+0x14>
    12d2:	95 0f       	add	r25, r21
    12d4:	50 e0       	ldi	r21, 0x00	; 0
    12d6:	55 1f       	adc	r21, r21
    12d8:	aa 27       	eor	r26, r26
    12da:	ee 27       	eor	r30, r30
    12dc:	ff 27       	eor	r31, r31
    12de:	bb 27       	eor	r27, r27
    12e0:	00 24       	eor	r0, r0
    12e2:	08 94       	sec
    12e4:	67 95       	ror	r22
    12e6:	20 f4       	brcc	.+8      	; 0x12f0 <__mulsf3_pse+0x26>
    12e8:	e2 0f       	add	r30, r18
    12ea:	f3 1f       	adc	r31, r19
    12ec:	b4 1f       	adc	r27, r20
    12ee:	0a 1e       	adc	r0, r26
    12f0:	22 0f       	add	r18, r18
    12f2:	33 1f       	adc	r19, r19
    12f4:	44 1f       	adc	r20, r20
    12f6:	aa 1f       	adc	r26, r26
    12f8:	66 95       	lsr	r22
    12fa:	a9 f7       	brne	.-22     	; 0x12e6 <__mulsf3_pse+0x1c>
    12fc:	77 95       	ror	r23
    12fe:	30 f4       	brcc	.+12     	; 0x130c <__mulsf3_pse+0x42>
    1300:	f3 0f       	add	r31, r19
    1302:	b4 1f       	adc	r27, r20
    1304:	0a 1e       	adc	r0, r26
    1306:	12 1e       	adc	r1, r18
    1308:	08 f4       	brcc	.+2      	; 0x130c <__mulsf3_pse+0x42>
    130a:	63 95       	inc	r22
    130c:	33 0f       	add	r19, r19
    130e:	44 1f       	adc	r20, r20
    1310:	aa 1f       	adc	r26, r26
    1312:	22 1f       	adc	r18, r18
    1314:	76 95       	lsr	r23
    1316:	99 f7       	brne	.-26     	; 0x12fe <__mulsf3_pse+0x34>
    1318:	87 95       	ror	r24
    131a:	20 f4       	brcc	.+8      	; 0x1324 <__mulsf3_pse+0x5a>
    131c:	b4 0f       	add	r27, r20
    131e:	0a 1e       	adc	r0, r26
    1320:	12 1e       	adc	r1, r18
    1322:	63 1f       	adc	r22, r19
    1324:	44 0f       	add	r20, r20
    1326:	aa 1f       	adc	r26, r26
    1328:	22 1f       	adc	r18, r18
    132a:	33 1f       	adc	r19, r19
    132c:	86 95       	lsr	r24
    132e:	a9 f7       	brne	.-22     	; 0x131a <__mulsf3_pse+0x50>
    1330:	86 2f       	mov	r24, r22
    1332:	71 2d       	mov	r23, r1
    1334:	60 2d       	mov	r22, r0
    1336:	11 24       	eor	r1, r1
    1338:	9f 57       	subi	r25, 0x7F	; 127
    133a:	50 40       	sbci	r21, 0x00	; 0
    133c:	8a f0       	brmi	.+34     	; 0x1360 <__mulsf3_pse+0x96>
    133e:	e1 f0       	breq	.+56     	; 0x1378 <__mulsf3_pse+0xae>
    1340:	88 23       	and	r24, r24
    1342:	4a f0       	brmi	.+18     	; 0x1356 <__mulsf3_pse+0x8c>
    1344:	ee 0f       	add	r30, r30
    1346:	ff 1f       	adc	r31, r31
    1348:	bb 1f       	adc	r27, r27
    134a:	66 1f       	adc	r22, r22
    134c:	77 1f       	adc	r23, r23
    134e:	88 1f       	adc	r24, r24
    1350:	91 50       	subi	r25, 0x01	; 1
    1352:	50 40       	sbci	r21, 0x00	; 0
    1354:	a9 f7       	brne	.-22     	; 0x1340 <__mulsf3_pse+0x76>
    1356:	9e 3f       	cpi	r25, 0xFE	; 254
    1358:	51 05       	cpc	r21, r1
    135a:	70 f0       	brcs	.+28     	; 0x1378 <__mulsf3_pse+0xae>
    135c:	54 cf       	rjmp	.-344    	; 0x1206 <__fp_inf>
    135e:	9e cf       	rjmp	.-196    	; 0x129c <__fp_szero>
    1360:	5f 3f       	cpi	r21, 0xFF	; 255
    1362:	ec f3       	brlt	.-6      	; 0x135e <__mulsf3_pse+0x94>
    1364:	98 3e       	cpi	r25, 0xE8	; 232
    1366:	dc f3       	brlt	.-10     	; 0x135e <__mulsf3_pse+0x94>
    1368:	86 95       	lsr	r24
    136a:	77 95       	ror	r23
    136c:	67 95       	ror	r22
    136e:	b7 95       	ror	r27
    1370:	f7 95       	ror	r31
    1372:	e7 95       	ror	r30
    1374:	9f 5f       	subi	r25, 0xFF	; 255
    1376:	c1 f7       	brne	.-16     	; 0x1368 <__mulsf3_pse+0x9e>
    1378:	fe 2b       	or	r31, r30
    137a:	88 0f       	add	r24, r24
    137c:	91 1d       	adc	r25, r1
    137e:	96 95       	lsr	r25
    1380:	87 95       	ror	r24
    1382:	97 f9       	bld	r25, 7
    1384:	08 95       	ret

00001386 <__divmodhi4>:
    1386:	97 fb       	bst	r25, 7
    1388:	07 2e       	mov	r0, r23
    138a:	16 f4       	brtc	.+4      	; 0x1390 <__divmodhi4+0xa>
    138c:	00 94       	com	r0
    138e:	06 d0       	rcall	.+12     	; 0x139c <__divmodhi4_neg1>
    1390:	77 fd       	sbrc	r23, 7
    1392:	08 d0       	rcall	.+16     	; 0x13a4 <__divmodhi4_neg2>
    1394:	0b d0       	rcall	.+22     	; 0x13ac <__udivmodhi4>
    1396:	07 fc       	sbrc	r0, 7
    1398:	05 d0       	rcall	.+10     	; 0x13a4 <__divmodhi4_neg2>
    139a:	3e f4       	brtc	.+14     	; 0x13aa <__divmodhi4_exit>

0000139c <__divmodhi4_neg1>:
    139c:	90 95       	com	r25
    139e:	81 95       	neg	r24
    13a0:	9f 4f       	sbci	r25, 0xFF	; 255
    13a2:	08 95       	ret

000013a4 <__divmodhi4_neg2>:
    13a4:	70 95       	com	r23
    13a6:	61 95       	neg	r22
    13a8:	7f 4f       	sbci	r23, 0xFF	; 255

000013aa <__divmodhi4_exit>:
    13aa:	08 95       	ret

000013ac <__udivmodhi4>:
    13ac:	aa 1b       	sub	r26, r26
    13ae:	bb 1b       	sub	r27, r27
    13b0:	51 e1       	ldi	r21, 0x11	; 17
    13b2:	07 c0       	rjmp	.+14     	; 0x13c2 <__udivmodhi4_ep>

000013b4 <__udivmodhi4_loop>:
    13b4:	aa 1f       	adc	r26, r26
    13b6:	bb 1f       	adc	r27, r27
    13b8:	a6 17       	cp	r26, r22
    13ba:	b7 07       	cpc	r27, r23
    13bc:	10 f0       	brcs	.+4      	; 0x13c2 <__udivmodhi4_ep>
    13be:	a6 1b       	sub	r26, r22
    13c0:	b7 0b       	sbc	r27, r23

000013c2 <__udivmodhi4_ep>:
    13c2:	88 1f       	adc	r24, r24
    13c4:	99 1f       	adc	r25, r25
    13c6:	5a 95       	dec	r21
    13c8:	a9 f7       	brne	.-22     	; 0x13b4 <__udivmodhi4_loop>
    13ca:	80 95       	com	r24
    13cc:	90 95       	com	r25
    13ce:	bc 01       	movw	r22, r24
    13d0:	cd 01       	movw	r24, r26
    13d2:	08 95       	ret

000013d4 <_exit>:
    13d4:	f8 94       	cli

000013d6 <__stop_program>:
    13d6:	ff cf       	rjmp	.-2      	; 0x13d6 <__stop_program>
